-- phpMyAdmin SQL Dump
-- version 4.6.6
-- https://www.phpmyadmin.net/
--
-- Servidor: 127.0.0.1:3306
-- Tiempo de generación: 29-05-2019 a las 08:10:10
-- Versión del servidor: 5.6.35
-- Versión de PHP: 7.1.1

SET SQL_MODE = "NO_AUTO_VALUE_ON_ZERO";
SET time_zone = "+00:00";


/*!40101 SET @OLD_CHARACTER_SET_CLIENT=@@CHARACTER_SET_CLIENT */;
/*!40101 SET @OLD_CHARACTER_SET_RESULTS=@@CHARACTER_SET_RESULTS */;
/*!40101 SET @OLD_COLLATION_CONNECTION=@@COLLATION_CONNECTION */;
/*!40101 SET NAMES utf8mb4 */;

--
-- Base de datos: `lolapi`
--

-- --------------------------------------------------------

--
-- Estructura de tabla para la tabla `cardplayer`
--

CREATE TABLE `cardplayer` (
  `idCard` int(11) NOT NULL,
  `idPlayer` int(11) NOT NULL,
  `idManager` int(11) NOT NULL,
  `dateCreation` date NOT NULL,
  `position` mediumtext COLLATE utf8_spanish_ci NOT NULL,
  `inMarket` tinyint(1) NOT NULL DEFAULT '0',
  `aligned` tinyint(1) NOT NULL DEFAULT '0',
  `contractDaysLeft` int(11) NOT NULL DEFAULT '0'
) ENGINE=InnoDB DEFAULT CHARSET=utf8 COLLATE=utf8_spanish_ci;

--
-- Volcado de datos para la tabla `cardplayer`
--

INSERT INTO `cardplayer` (`idCard`, `idPlayer`, `idManager`, `dateCreation`, `position`, `inMarket`, `aligned`, `contractDaysLeft`) VALUES
(1, 152, 1, '2019-05-28', 'top', 0, 0, 50),
(2, 153, 1, '2019-05-28', 'jungle', 0, 1, 50),
(3, 154, 1, '2019-05-28', 'mid', 0, 1, 50),
(4, 155, 1, '2019-05-28', 'adc', 0, 1, 50),
(5, 156, 1, '2019-05-28', 'support', 0, 1, 50),
(6, 152, 2, '2019-05-28', 'top', 0, 1, 50),
(7, 153, 2, '2019-05-28', 'jungle', 0, 1, 50),
(8, 154, 2, '2019-05-28', 'mid', 0, 1, 50),
(9, 155, 2, '2019-05-28', 'adc', 0, 1, 50),
(10, 156, 2, '2019-05-28', 'support', 0, 1, 50),
(11, 152, 3, '2019-05-28', 'top', 0, 1, 50),
(12, 153, 3, '2019-05-28', 'jungle', 0, 1, 50),
(13, 154, 3, '2019-05-28', 'mid', 0, 1, 50),
(14, 155, 3, '2019-05-28', 'adc', 0, 1, 50),
(15, 156, 3, '2019-05-28', 'support', 0, 1, 50),
(16, 152, 4, '2019-05-28', 'top', 0, 1, 50),
(17, 153, 4, '2019-05-28', 'jungle', 0, 1, 50),
(18, 154, 4, '2019-05-28', 'mid', 0, 1, 50),
(19, 155, 4, '2019-05-28', 'adc', 0, 1, 50),
(20, 156, 4, '2019-05-28', 'support', 0, 1, 50),
(26, 152, 7, '2019-05-28', 'top', 0, 1, 50),
(27, 153, 7, '2019-05-28', 'jungle', 0, 1, 50),
(28, 154, 7, '2019-05-28', 'mid', 0, 1, 50),
(29, 155, 7, '2019-05-28', 'adc', 0, 1, 50),
(30, 156, 7, '2019-05-28', 'support', 0, 1, 50),
(31, 1, 1, '2019-05-09', 'top', 0, 1, 1599),
(32, 55, 1, '2019-05-28', 'jungle', 0, 0, 1529),
(33, 152, 8, '2019-05-28', 'top', 0, 1, 50),
(34, 153, 8, '2019-05-28', 'jungle', 0, 1, 50),
(35, 154, 8, '2019-05-28', 'mid', 0, 1, 50),
(36, 155, 8, '2019-05-28', 'adc', 0, 1, 50),
(37, 156, 8, '2019-05-28', 'support', 0, 1, 50),
(62, 133, 1, '2019-05-28', 'jungle', 0, 0, 262),
(63, 136, 1, '2019-05-28', 'top', 0, 0, 262),
(64, 43, 1, '2019-05-28', 'top', 0, 0, 262),
(65, 131, 1, '2019-05-28', 'jungle', 0, 0, 148),
(66, 66, 1, '2019-05-28', 'adc', 0, 0, 148),
(67, 131, 1, '2019-05-28', 'adc', 0, 0, 148),
(68, 93, 1, '2019-05-28', 'support', 0, 0, 122),
(69, 20, 1, '2019-05-28', 'mid', 0, 0, 122),
(70, 147, 1, '2019-05-28', 'jungle', 0, 0, 122),
(71, 8, 1, '2019-05-28', 'top', 0, 0, 116),
(72, 28, 1, '2019-05-28', 'mid', 0, 0, 116),
(73, 40, 1, '2019-05-28', 'adc', 0, 0, 116),
(74, 25, 1, '2019-05-28', 'support', 0, 0, 116),
(75, 42, 1, '2019-05-28', 'support', 0, 0, 110),
(76, 145, 1, '2019-05-28', 'mid', 0, 0, 110),
(77, 19, 1, '2019-05-28', 'jungle', 0, 0, 110),
(78, 85, 1, '2019-05-28', 'support', 0, 0, 102),
(79, 19, 1, '2019-05-28', 'adc', 0, 0, 102),
(80, 41, 1, '2019-05-28', 'support', 0, 0, 102),
(81, 50, 1, '2019-05-28', 'mid', 0, 0, 102),
(82, 99, 1, '2019-05-28', 'mid', 0, 0, 89),
(83, 97, 1, '2019-05-28', 'jungle', 0, 0, 89),
(84, 123, 1, '2019-05-28', 'support', 0, 0, 89),
(85, 60, 1, '2019-05-28', 'top', 0, 0, 89),
(86, 91, 1, '2019-05-28', 'mid', 0, 0, 82),
(87, 36, 1, '2019-05-28', 'mid', 0, 0, 82),
(88, 109, 1, '2019-05-28', 'support', 0, 0, 82),
(89, 42, 1, '2019-05-28', 'mid', 0, 0, 82),
(90, 10, 1, '2019-05-28', 'support', 0, 0, 78),
(91, 129, 1, '2019-05-28', 'jungle', 0, 0, 78),
(92, 37, 1, '2019-05-28', 'jungle', 0, 0, 78),
(93, 58, 1, '2019-05-28', 'adc', 0, 0, 78),
(94, 52, 1, '2019-05-28', 'support', 0, 0, 71),
(95, 32, 1, '2019-05-28', 'mid', 0, 0, 71),
(96, 52, 1, '2019-05-28', 'mid', 0, 0, 71),
(97, 38, 1, '2019-05-28', 'mid', 0, 0, 71),
(98, 150, 1, '2019-05-28', 'adc', 0, 0, 62),
(99, 41, 1, '2019-05-28', 'top', 0, 0, 62),
(100, 90, 1, '2019-05-28', 'adc', 0, 0, 62),
(101, 47, 1, '2019-05-28', 'jungle', 0, 0, 62),
(102, 46, 1, '2019-05-28', 'adc', 0, 0, 52),
(103, 150, 1, '2019-05-28', 'mid', 0, 0, 52),
(104, 25, 1, '2019-05-28', 'mid', 0, 0, 52),
(105, 5, 1, '2019-05-28', 'support', 0, 0, 52),
(106, 104, 1, '2019-05-28', 'top', 0, 0, 45),
(107, 18, 1, '2019-05-28', 'top', 0, 0, 45),
(108, 90, 1, '2019-05-28', 'adc', 0, 0, 45),
(109, 59, 1, '2019-05-28', 'mid', 0, 0, 45),
(110, 76, 1, '2019-05-28', 'mid', 0, 0, 40),
(111, 59, 1, '2019-05-28', 'adc', 0, 0, 40),
(112, 46, 1, '2019-05-28', 'mid', 0, 0, 40),
(113, 32, 1, '2019-05-28', 'adc', 0, 0, 40),
(114, 20, 1, '2019-05-28', 'jungle', 0, 0, 36),
(115, 76, 1, '2019-05-28', 'adc', 0, 0, 36),
(116, 145, 1, '2019-05-28', 'top', 0, 0, 36),
(117, 28, 1, '2019-05-28', 'support', 0, 0, 36),
(118, 109, 1, '2019-05-28', 'support', 0, 0, 33),
(119, 46, 1, '2019-05-28', 'adc', 0, 0, 33),
(120, 137, 1, '2019-05-28', 'jungle', 0, 0, 33),
(121, 29, 1, '2019-05-28', 'top', 0, 0, 33),
(122, 40, 1, '2019-05-28', 'adc', 0, 0, 26),
(123, 38, 1, '2019-05-28', 'support', 0, 0, 26),
(124, 39, 1, '2019-05-28', 'jungle', 0, 0, 26),
(125, 42, 1, '2019-05-28', 'jungle', 0, 0, 26),
(126, 27, 1, '2019-05-28', 'support', 0, 0, 17),
(127, 129, 1, '2019-05-28', 'mid', 0, 0, 17),
(128, 55, 1, '2019-05-28', 'adc', 0, 0, 17),
(129, 16, 1, '2019-05-28', 'support', 0, 0, 17),
(130, 25, 1, '2019-05-28', 'support', 0, 0, 13),
(131, 132, 1, '2019-05-28', 'top', 0, 0, 13),
(132, 24, 1, '2019-05-28', 'jungle', 0, 0, 13),
(133, 60, 1, '2019-05-28', 'top', 0, 0, 13),
(134, 85, 1, '2019-05-28', 'jungle', 0, 0, 10),
(135, 132, 1, '2019-05-28', 'adc', 0, 0, 10),
(136, 59, 1, '2019-05-28', 'mid', 0, 0, 10),
(137, 42, 1, '2019-05-28', 'top', 0, 0, 10),
(138, 24, 1, '2019-05-28', 'adc', 0, 0, 4),
(139, 5, 1, '2019-05-28', 'support', 0, 0, 4),
(140, 126, 1, '2019-05-28', 'jungle', 0, 0, 4),
(141, 51, 1, '2019-05-28', 'support', 0, 0, 4);

-- --------------------------------------------------------

--
-- Estructura de tabla para la tabla `equipamiento`
--

CREATE TABLE `equipamiento` (
  `idPowerUp` int(11) NOT NULL,
  `name` varchar(100) COLLATE utf8_spanish_ci NOT NULL,
  `type` varchar(50) COLLATE utf8_spanish_ci NOT NULL,
  `idManager` int(11) NOT NULL
) ENGINE=InnoDB DEFAULT CHARSET=utf8 COLLATE=utf8_spanish_ci;

-- --------------------------------------------------------

--
-- Estructura de tabla para la tabla `league`
--

CREATE TABLE `league` (
  `leagueid` int(11) NOT NULL,
  `name` varchar(55) COLLATE utf8_spanish_ci NOT NULL
) ENGINE=InnoDB DEFAULT CHARSET=utf8 COLLATE=utf8_spanish_ci;

--
-- Volcado de datos para la tabla `league`
--

INSERT INTO `league` (`leagueid`, `name`) VALUES
(1, 'Unranked'),
(2, 'Iron'),
(3, 'Bronze'),
(4, 'Silver'),
(5, 'Gold'),
(6, 'Platinum'),
(7, 'Diamond'),
(8, 'Master'),
(9, 'Grandmaster'),
(10, 'Challenger');

-- --------------------------------------------------------

--
-- Estructura de tabla para la tabla `manager`
--

CREATE TABLE `manager` (
  `idManager` int(11) NOT NULL,
  `name` varchar(70) COLLATE utf8_spanish_ci NOT NULL,
  `lastname` varchar(100) COLLATE utf8_spanish_ci DEFAULT NULL,
  `email` varchar(100) COLLATE utf8_spanish_ci NOT NULL,
  `password` varchar(100) COLLATE utf8_spanish_ci NOT NULL,
  `phone` varchar(40) COLLATE utf8_spanish_ci DEFAULT NULL,
  `birthDay` date DEFAULT NULL,
  `gold` int(11) DEFAULT '0',
  `elo` int(11) DEFAULT '0'
) ENGINE=InnoDB DEFAULT CHARSET=utf8 COLLATE=utf8_spanish_ci;

--
-- Volcado de datos para la tabla `manager`
--

INSERT INTO `manager` (`idManager`, `name`, `lastname`, `email`, `password`, `phone`, `birthDay`, `gold`, `elo`) VALUES
(1, 'Erik', 'Asís', 'test@domain.com', 'MTIzNA==', '600708090', '1993-07-21', 739967500, 21),
(2, 'Name1', 'Last Name', 'test1@domain.com', 'MTIzNA==', '600708090', '0000-00-00', 1000, 0),
(3, 'Name2', 'Last Name', 'test2@domain.com', 'MTIzNA==', '600708090', '0000-00-00', 0, 2),
(4, 'Name3', 'Last Name', 'test3@domain.com', 'MTIzNA==', '600708090', '0000-00-00', 0, 3),
(5, 'Name4', 'Last Name', 'test4@domain.com', 'MTIzNA==', '600708090', '0000-00-00', 0, 0),
(7, 'Name5', 'Last Name', 'test5@domain.com', 'MTIzNA==', '600708090', '0000-00-00', 0, 0),
(8, 'Name6', 'Last Name', 'test6@domain.com', 'MTIzNA==', '', '0000-00-00', 0, 0);

-- --------------------------------------------------------

--
-- Estructura de tabla para la tabla `matchhistory`
--

CREATE TABLE `matchhistory` (
  `idGame` int(11) NOT NULL,
  `idManager1` int(11) NOT NULL,
  `idManager2` int(11) NOT NULL,
  `winner` int(11) NOT NULL,
  `date` timestamp NOT NULL
) ENGINE=InnoDB DEFAULT CHARSET=utf8 COLLATE=utf8_spanish_ci;

--
-- Volcado de datos para la tabla `matchhistory`
--

INSERT INTO `matchhistory` (`idGame`, `idManager1`, `idManager2`, `winner`, `date`) VALUES
(1, 1, 2, 1, '2019-05-28 14:35:59'),
(2, 1, 2, 1, '2019-05-28 14:36:08'),
(3, 1, 5, 0, '2019-05-28 14:36:10'),
(4, 1, 2, 1, '2019-05-28 14:36:19'),
(5, 1, 7, 1, '2019-05-28 14:37:47'),
(6, 1, 2, 1, '2019-05-28 14:38:25'),
(7, 1, 4, 1, '2019-05-28 15:14:01'),
(8, 1, 4, 1, '2019-05-28 15:14:41'),
(9, 1, 4, 1, '2019-05-28 15:14:44'),
(10, 1, 4, 1, '2019-05-28 15:14:46'),
(11, 1, 4, 1, '2019-05-28 15:14:47'),
(12, 1, 4, 1, '2019-05-28 15:14:48'),
(13, 1, 4, 1, '2019-05-28 15:14:49'),
(14, 1, 2, 1, '2019-05-28 15:15:08'),
(15, 1, 4, 1, '2019-05-28 15:15:10'),
(16, 1, 4, 1, '2019-05-28 15:15:11'),
(17, 1, 4, 1, '2019-05-28 15:15:12'),
(18, 1, 4, 1, '2019-05-28 15:15:13'),
(19, 1, 4, 1, '2019-05-28 15:19:11'),
(20, 1, 4, 1, '2019-05-28 15:19:17');

-- --------------------------------------------------------

--
-- Estructura de tabla para la tabla `player`
--

CREATE TABLE `player` (
  `idPlayer` mediumint(9) NOT NULL,
  `accountId` text COLLATE utf8_spanish_ci NOT NULL,
  `summonerId` text COLLATE utf8_spanish_ci NOT NULL,
  `KDA` float NOT NULL,
  `numMatches` smallint(6) NOT NULL,
  `name` varchar(100) COLLATE utf8_spanish_ci NOT NULL,
  `leagueId` int(11) NOT NULL,
  `leagueRank` text COLLATE utf8_spanish_ci NOT NULL
) ENGINE=InnoDB DEFAULT CHARSET=utf8 COLLATE=utf8_spanish_ci;

--
-- Volcado de datos para la tabla `player`
--

INSERT INTO `player` (`idPlayer`, `accountId`, `summonerId`, `KDA`, `numMatches`, `name`, `leagueId`, `leagueRank`) VALUES
(1, '-Uk6z8z11l6U_QvfAP3qnaImPVkkoGgIw-x3zQiiqDA', '0vM9CRLm--lwKuw4H7x4t0fg2jARq2ni7JSMeYvbPgfK', 3.11, 114, 'matalords', 5, 'IV'),
(2, 'FCgbrt2FotVeeSVi9R11wbopFdhYZ88xx0Ay26nVIlDxvnc', 'huVa5IJqNb8zs3NTFh0Q_mGm1_ZRGzB-7cmImMoNxvS3E4Y', 4.01, 5, 'Golken', 5, 'III'),
(3, 'DdWcpNYl63zNk8QEagqzpb6G9SuyoGy6pdM7Bb-N9s7idvI', 'AVDUZBMUB8e5Lwl28Mqy1zsnmKOLm2vmujifL8E4ASEjlmg', 1.95, 5, 'iTak3uRmAmA', 4, 'IV'),
(4, 'IJTthUuklre8eAiFMdEVK2iOgsKrGuVbikNRf0j91GLZqSw', 'tDFkD6rqnjOQVt7CDwbJG_6skZtuJGrCu0QhYuHFxx8iNGo', 3.9, 97, 'inferno0529', 4, 'IV'),
(5, 'E9H9C7mft-CecPGy3n0bI2i6_DG6YkEhJ6VaJCpSNjB47ks', '2GxzfMCX1S7ecth3NiByWJoBaYm82YdPQ5Jh6zCFpmMV11M', 4.03, 123, 'mapilol', 4, 'I'),
(6, 'WxyKHwuCNopvRjrTY7yHj8DrwDkaL4oaeZKiC-7-e8ujFw', 'pj5_Hg0N6GSUkNkRD3bAhm32FvPv3WzsKGb1N19vk_3CHI4', 1.38, 5, 'Kire287', 4, 'IV'),
(7, 'UPCgFDzr1krmPQVEL5Hz6RmvAK-6nXZv_uGJ39po_LXJS7U', '9VA3A1wYR7kVMV7tvYobKNIQGCrtD7SljXa16jqaxLfYLKw', 2.07, 5, 'atlo16', 5, 'III'),
(8, 'SWdfzjwJF3A_ICx1cZTc-P9q_NHbAvOhKPNUarblH-tnflA', 'K7hEdECNddH3mx6xZSN5lS0k7AvfeweMazIQx37_EktW-B0', 4.86, 5, 'merlintheperfect', 4, 'I'),
(9, 'Arxqltut-YcdZTC6DcnNymfoUAsHbpdi9RJyMGyv5NSQ__c', 'YrW1bI1vSlUxM45woYjmlMqIL4eOVLfipvuvGc27uTCmVn7E', 1.56, 6, 'Made in MD', 4, 'IV'),
(10, 'QP-JAfXq1yO4_YyDYFJRd-5L3uBbd7VXsPSQKhnF1vBorY8', 'rJc3MdeO_ud7jUv60LWSUoU_dw6-SBg8LwMao6nXw1wihlg', 2.02, 6, 'Vater Uhu', 4, 'II'),
(11, 'AuO1O0sRWHOwGwLK-kahjtk8wwjDTqhi1Fo8f3g_LofWBC4', 'ysYiDtoBT7Dk8DBZzYSOHSt1qwmc2LfQqARsTiUk5_jpn5s', 3.12, 5, 'darkal13', 5, 'II'),
(12, 'TBxYQFHIMFDVrE85FO-qdNIO15g5KGlnhlsd3sgNVqLq2G4', 'uLDqf26yINfWw1wo7umMZvlMKYYToQG11Cmbe3U13KwKo-8', 2.45, 6, 'Reklius', 5, 'I'),
(13, 'OAhV1KDrlwjHEf7e_l0ESKbyeuGNf7H64W8uHOpH35ZRcbQ', 'VLvIwneqI83aUFksQsYOc6QiAPh72N6M7yibnzqPzGZ7_-Jk', 1.54, 6, 'AmyPond', 5, 'IV'),
(14, 'IffOHB1cd4muETxE4gdDANpXWJ7BwAK6iaKmkhvqznbUJA', 'ZvwO1Vp8mjDc7MrKNwPbdgFgw_aIutUi7iLKx_ctQeh6OSs', 2.02, 6, 'armscoffa', 5, 'IV'),
(15, 'i-5LZnRPyNwTXIO9Pq1nhAkx8gjCyl9VVKDCcPA1iJY-1Eg', 'YJ4y_84QN3vW3OHHlPuDUU0iPBuVb_RfNALc1-SnY-z1Hak', 2.54, 6, 'Elguillo18', 5, 'III'),
(16, 'p9RtgmZtANHNWFU-lVq_peCRiICsj4IHBNR53j2ccCaEQQA', 'WTXz3CoO8pHcnpd8WDxou7pQQ5Ma-4jeDf255c3xKZoOsH0', 1.76, 6, 'apasin21', 4, 'II'),
(17, 'pcLQ8ACTqmb8alPL5Cpj_7NhCXeXnyHVHCgXjMtyaiErjEA', 'eQ5JoJnMEnY5O5B9q6s_qGkh83XaaLgmtlm2W3tpgApHT08', 2.58, 5, 'ImZECK', 3, 'I'),
(18, 'Uw-j7aZlaZ6-d0Mb2DX5m2P8W8snNIRQjeBeAzpwrLORxWY', 'FQXMvV1do1ldnEqim6FUdfMZEpkDmEZ_UfFBnkzZR4Dj7w8', 7.13, 5, 'TheOnlyChick', 4, 'IV'),
(19, 'wAj0kZeTjNvtbyWxFfcABS5btBrYm71Uc2gkTGymObpBA_U', 'moLHF2rC_c7XbrLO886oun4AGiPxUJCsJPIRpizEAW0RaE4', 3.91, 6, 'El Tito Segu', 4, 'IV'),
(20, 'Ov4zXLX9EiPuCAeNMQFmuAB4jFdg2a-tcruJrH7I7tEwPg', 'qPCYXc4deJUIEH4JftJL0DQXV1g_hTjHfom4CGVZJ_acA6A', 3.7, 5, 'Wakaibushi', 4, 'II'),
(21, 'R0pEE7ue25nb_7-2G4JXrDqCbNiFI6pB--hHi_XhRjOwh6E', 'M5u2Sp3K1dP2BfVFkuMQ3-_idR47gtyHkxXe9gou7Yy5ycA', 3.98, 5, 'The Green Guy', 4, 'IV'),
(22, 'E5EbLKYsP_g2p0NVB0uRi3RBTh4lRKD_K6iYcdaS2Hmvmxk', 'GCPq12wcnASoCbUEqQnNq1EoSwvlR94JES-ltd6qvyIjd-c', 2, 5, 'Gimly', 5, 'IV'),
(23, 'y3ZA7p9Ldifb9CBAzvhXje7hPnjHyChotDIGB2kdCJsOKlI', 'pg0LqzqjBRuYSMV5xlHL1tC0p7RtgpwZ66ArKob8nK6Z8DQ', 1.06, 5, 'Zaliasblynas', 3, 'IV'),
(24, 'Bs73f-i7tVEIZFiHx0C9PdYJsM9hzYY-6wun2L9wDj8GcWU', 'zic5_4WLff9h7jLncULGM7qr0-G9X2WnwQF4YS0GNDQopMs', 3.4, 5, 'Kenji Kawai', 4, 'III'),
(25, 'zhkjsIvTsNFlLGg9CfrmfCgZxdVRs_3zJrjUKFnHDsiB-g', '1lPAJTEGIYuw1jrJYD_j2Qbbwyq0Q6vz8J8ci_7wVRg8YVA', 2.1, 6, 'SoniAdo', 3, 'I'),
(26, 'AvUSy_bWXn79Jk4y5_xUwjF5Dn3K3BHvKphKTSC2o3Ji-w', 'T8iUdBT9FHKs2HdYhk6165jIwoJDultOHggofq67-ug0Cig', 2.7, 5, 'Ashman', 4, 'II'),
(27, 'wmDWCpnEccJeAT8sLjNvBtShsWSIrcfXYzt5Lu1TY6Tur6c', 'ANOJeM54pqscNKMn6qtI_wgabBsBMz8iMR8wMp9V3Eht3OQ', 5.72, 6, 'Kindelein', 3, 'II'),
(28, '8LMeux3kpshg5T0fz4fMvpDipJkmwWZIfKjkeXMCzuHCWw', 'q4hr7n24B1IO9LH-wYy_LL0S_it9ETcCVxGlNtqqUFlPcsQ', 2.14, 5, 'Panomalixme', 4, 'II'),
(29, 'poqa3D14BHJQpaWROdAJZ4aPgfJ5Ggejs40KnVigkwtT-UY', 'SbOjqPt4reWi5aVCiAbGplawawwr-Ax2_FNeBCHzZj_hH8w', 2.41, 5, 'King Pengo', 4, 'II'),
(30, 'IyQsCbggOQ071RIrBznuDTmNVk-8o1J82Uzr4BUPEqSRtqw', 'xYEvSkIPJ3BvgO4F0wgTPxpkezF-ejDp5oIu1ReWvZ5n7YU', 4.08, 6, 'Afremh', 5, 'IV'),
(31, 'tU81VxyLLmrEV9NCMenuw7Dc47o-HUDXpwMqL-3FFgXBSw', 'BHsXE-B5FfgR_-Rf9suNewPceE94A3-uRv4rA3m1T9Zrk8o', 6.12, 5, 'RyKiOmG', 5, 'III'),
(32, 'BE07IdrArcxrMm62xHR6DT088C6KW5_XwO2ACbaEtMvqtA', 'pkKz6KaNLfkHxJCp5cV5L6WmotdloXhnbrkF7_cm3EDCaoY', 2.36, 5, 'Viveldop', 4, 'II'),
(33, 'VgJ65UFy0xx8yUnR9-FMcfv1CamKNuVQsqhyxL_cg2M47CU', '0fVD59CISFkbaLofsLyRGJlG2lYzLD0igAbV5ql29VrK5X4', 6.02, 6, 'CynicalDeer', 3, 'I'),
(34, '9z9WEKkYo1ppJ_KrP3hQH3hqfJOKm-DaSCwTBvhyU1qIFw', 'QHwNXmh3EWWwQBP6SaaOlM7rrhZ_NyGcep6DpssWNFdRfS0', 5.34, 6, 'Kwaokaa', 5, 'IV'),
(35, 'J0bM8kx2yt4W7dTYH7Fc6-EUsrIHczeJVhz1yp11OLZ8kJI', 'oB7J7biuW5SaAfORRJ64YxoWEXW5vvx7vVPL1Xt3kYEiwnU', 2.98, 5, 'harvEy xd', 4, 'III'),
(36, 'SXdYZ8kzO8MOQai1yzqth_QTJ2RPvp9vTXf_BX_t0w0oC_w', '34Lc-e8TrbDrlNyhkndz7mepfKupraDZtb2NeXr9BZs9_Mg', 1.52, 6, 'TQ Event Horizon', 4, 'IV'),
(37, 'v89Mu5uJl9-Dror_muCnHV8s6qxpLpDmqNrNiwQuY2u-ZXQ', 'nRtVAl4VMsOfwqKrNqU0tesNmK1rEbY677y6n9Vr9z4RqmE', 1.66, 5, 'SelGaD0o', 3, 'II'),
(38, 'O3HPIO7kWxn4SGXEvkt94IO_uHA4B-yyFxDtpABO2JtTiNg', '_OsSFKlsk5XQLeady1fYTkO3RfKh23kcXCR_ly69vDeULUDU', 1.59, 6, 'SirGammaa', 4, 'III'),
(39, 'mM_CuvbUEgh-stA-fsFZ4pdLMLxY5cjCdApO1IHvbt4c398', 'MrquwT8y47OldnxJC0__a37sJyDIN6os4Okdc5I01SGB_24', 4.31, 6, 'GnomoFunky', 4, 'II'),
(40, 'kluFlS30xETwZyFj0KLYI1QvKRCNQ36HG9EZOgD94ushPZA', 'GI1nV4oMVsEE34TYCZDn-MchJ4YzVlZhdnrupixHKzzW-1Pt', 2.36, 6, 'RockyFighter017', 3, 'II'),
(41, 'm5S2dRudkyi5uLb8AlGxpS9ahf1FynM0lzQ3qweKGeb00pM', '9FO0Nrjyav4fb1O6BQDAQOXbfN8Wozgqyd3MDUxHWbwpO1k', 1.47, 5, 'RETALERO01', 3, 'II'),
(42, 's3eMnnayZf7mzPEVmHcJXamA-TODHJ-igIK7HvSUymmixCs', 'rSy3VVNu5zITqT1JAv3UnoVbe16z-ccrEBHY9tDVAxsrZrk', 5.4, 5, 'conqueremotion', 3, 'II'),
(43, 'uPjabvtVJ-T55dHkDiSvziN566-2dRGF6OrMoMe798DZiik', 't3-6oHtiFOdXFZwRFx2CHkpT6czsWLfnLeHMURurTPtJmlg', 6.73, 6, 'Hidetaka', 5, 'IV'),
(44, 'FMS4x9Lx1tc6TqgAfAC_rwO_6vayd0uIVdc_pOIUveN_Vw', 'aOUj2e57xawJTNhATOrjTCedXrx9GSlOYBPYx0HciM-IJvY', 2.84, 5, 'EdMcSchleck', 4, 'I'),
(45, 'ckwgHqVk-4n3SGerW4UKrt7fHUpZZK6tNyTQneQdgV58GMg', 'X6q_hzzxbSKTcRIMJXn_cA5WwTGreFMPkAtk6jE2zNrfGwk', 1.43, 5, 'TLG Edusenpai', 5, 'IV'),
(46, 'i2JpnlswmfF_iatirrggPEPO3f-hMR0P4IWB8C81LPNRzw', 'yHayNLmhTSq4hFJVgce3gr9NV0e_8Yb1gSEmlnKbpmbfTkQ', 1.1, 5, 'Warwick Stap Plz', 3, 'II'),
(47, 'Y2xFYXiCKx8pNCKhvKBPqJjHrzJ0hn-pH9D_Mne0KStBays', 'uQVEOegMB-6R7e85WqFesF7Jm2QmTKVIFinLW3wxw6C8Op4', 3.86, 5, 'Raduvinovich', 4, 'III'),
(48, 'Q_fG37iYdzk3jLv_7f4C5C2iBVD6y23444J7q8YRcK1JmPM', 'UXIkQaMntuDwypg4jbU1I6KiUxRZ6D8VTiOqqxwFPe4YwBk', 5.91, 6, 'LordbaschaFanboy', 5, 'IV'),
(49, 'vgkqSaOejmMu9M_bCxC7SL39PKSSOGKQ238KYobJ_BteYAM', 'TPd9tv6hYMg2nIjwhbWeP59KZdOvzLInP8ljrogEZwWvufE', 14.23, 6, 'TSY NEXUS', 4, 'IV'),
(50, 'JiskUEUA700UW5FmFtAGyP21DRPhxRVkkowrVulXyNDo9IM', '1n7IyYLjrO0epQztQMYe6ObMB1oCEi1DT4Osh_7Znon1H_w', 8.32, 5, 'TSY MADE', 4, 'III'),
(51, 'Z-NWvX1fIUw6knDZm-FQW4_FAH0PlGu1HLRkV5fLWNopAyM', 'fo5_uwqf-JyYN3MDcD3zG8-XrbSGfZmcC-xvIR8Np_182oI', 4.55, 6, 'FelKar27', 4, 'II'),
(52, 'eRSEjROYLjoRGoqpJLal4642ehE1hMmS8LLbnYU-ExH-Xg', 'rHChxt9hPokMk6Imqx-AGmuaMSbbz2K7MsAaf15z2jdoK90', 2.21, 6, 'Gl4ss Gol3m', 3, 'I'),
(53, 'sy1YIhbMqVRzVIaPw4FO0yGhGKPyrnBluLiBOEmOewwuzg', 'M1TZh2QP8VwBEFJrcy8ViXVNbfz_RwUI6YHH0UrWG0rpYcM', 3.57, 6, 'Synphul', 6, 'IV'),
(54, 'xErn6pkhgbyEUrCx4ywLUCN_NO7Gjt8D0C-LWK8M94KQ1f4', 'm3jdupHu_YPzxbc7TqCQCdS-xFQ2XwBKsoWpBK5gxZQXZFo', 1.52, 6, 'FIyingWhale', 4, 'IV'),
(55, 'e4pZ3nRgpv-KlRW8mRFH_vOwS-iHJwuB9n44AVETbkjC-Ec', 'DkXwnNYi87sx9haqtGsNpi0wU74O8jWk13rzyu9ziZQzsTI', 4.78, 6, 'LoganOracio', 4, 'IV'),
(56, 'OUqu7ZGtmDneqvOInd3hKgUjZ7aSZh5wBufAx6yKYchGLQ', 'Vo45XOVOd8VpooKeDLWWG5gu-hCFUxLlvNBJsn9kb0zJNec', 5.24, 6, 'Corporal D', 5, 'III'),
(57, '_4ysft34NM_5g-V2LHQm3tWs1CxtFvuwu2D0DTVeqGjYBw', 'VYTR6XR_ylf8sUGPoyOgNLkXDvSGWGofaXsF3yYonQhB9P4', 4.49, 6, 'Leutnant Z', 5, 'III'),
(58, '_jSBBS-C42YFfR6tnKqQ8BtBUTr9KsdM0yq208bIgBEQmf8', 'w7imCo-oSLeeQ5xQXp98DyzOe5kCmsT8VFUV4hU-AxFUDSE', 0.98, 6, 'Alkabir', 4, 'I'),
(59, '-7lMPmEwvvxSqrBj31So9FJ5UV-PmahhpLYY_Dbcf5dkh5cLkWE4v7nU', '4eFJb775O2tnZgWrTT3a8G4J8Fzgo0Hw1YGJ5vp4Kh9vGIG4', 1.68, 6, 'ReinidraJ', 3, 'I'),
(60, 'iTHYdh6D4xulbWndviOrdlqPBEcFJk9UvTop6MSOd-I', 'BHmPruWtUdqG-DiopXT61vE3X4aMVkrNWNFg_OyLOxDi', 2.37, 6, 'Jaggernaut', 3, 'III'),
(61, 'qj4kTeBIHRXO_ypsdRmQVuBs5xIxbdtJ_bFpk3y85qA', 'qCTlwuO7uMIU_JaZErFoy7I5JlAEAMuqurPEfmlJVe2x', 4.14, 6, 'Tibbiz', 4, 'IV'),
(62, 'zgQmbQx4bw32m5kKGHF-jPoWF6J6vNTyO5iUs0abb62p6A', 'VTuNC4nQFPpCvZDa-e0fDII4xtRLInvj47gtNvmqgZBKHZM', 4.79, 6, 'kantai twintails', 3, 'I'),
(63, 'pUqJPEsqfSpZXEdzPLiu8WhMjp0kif7ywjL8t34GUsijjaU', 's8CyeS-mKghFRJXSUzOutUeMPTBoZEJiwzlMCP8jFFntC0c', 18.4, 5, 'The Nyx Goddess', 5, 'III'),
(64, 'qGkgQYQV1RyLS7KiWqks4JcnHYTAjgQT81ONPPzIELISSA', 'yTNK-3ffeU5a-IROn26la4dC6d79e8YODSKB2olIowBzznM', 4.21, 6, 'Kjersem', 5, 'III'),
(65, '3vjBTFaSoRqYQ9zNk92Cj5LaCvIbRPPkxGN1qBH0hqBeSg', 'lJaTob6Uc2p-GMUI1DCr4jUrWmh9RFAtgoXO71H6QgvBsEU', 3.86, 6, 'TC Tobikop', 4, 'II'),
(66, 'DpjGphQvpiBl05N6e0Kh35K0EvE57xeSL87aZBlHtWvPXw', 'FcopRACee_kGu3ZBXzkJCYAfEKm35sqDQQuEtA1uarrCfYs', 4.53, 6, 'Kos37', 6, 'I'),
(67, 'UsuyEsrWtORf8lMXR0CXQsoPB-wxPgWkVHMST4psYpsp8g0', '8Q53PNRK6JXaj05EKJlM3VdaDU9SBQZIFCXXh3Q_Ptwo7nA', 6.15, 6, 'AI R0t0t3x', 5, 'II'),
(68, 'pVq5ucEmYJCrDCqoVbR2jUFOLQCuwE7Nctb4pc1kLcRZTWs', 'kLceQ5NZxyyX-oWPqiov0fZW6dRF_wL2SZsHlxPRyrIwW_Q', 3.96, 6, 'hadüdü jigakbaak', 5, 'IV'),
(69, '6V6wiCz8kwO6-1nrjWb22OWhQa1819OiiihR-t46DnMhKg', 'PkBxs8AO0WNpI0tOpkSGObN3c-N128Gct6ia_QkjfZeZ2lQ', 1.76, 6, 'Darkalexor', 5, 'IV'),
(70, 'EPNNzvsWQDWZkhC6s86O8JTNURnzmaQXj9vI84IaW4aFToM', 'BEspywAHEqqv7GMskHdkRDJJtelakftynVy0lzAgH8oT_jc', 1.93, 6, 'Silsha', 5, 'IV'),
(71, '-P-rbUGxg529LNKg8EbAPwzY5KazwSqdtkO6me9wHw6t3g', 'E0p-jWjyCV4yqFfcp3KjdFyp767qSukW2jgAWehhHvAEeZc', 2.47, 5, 'XiguDJ', 5, 'IV'),
(72, 'Z-DIsNU-D1WHL13QkHs3a-ZNd-7O1dCexvfPNxBAj0BETA', 'qI0oqXeIeKq0hkaZeMkLggmQndhS8L7VYWB8i9eX2AWe9KA', 2.78, 6, 'SpermDonator', 5, 'IV'),
(73, 'grIL3vUtZlQxHqXyuTGMaxlwFH-Mh65c8IhEPVksiDaRkDM', 'QxEEV6H4-YJw9F2YQIXEa9jwQMNR_I30LOHNT41tfBim_Gc', 4.49, 5, 'Towkol', 6, 'IV'),
(74, 'P_Flc7TEZkL3KRzQ5wOc9d-E01zvkXR_DmC-3HbHoEEVhA', 'p2-vNMvbU5oBISzXhwK6jJj6MMCJRYR-AqzQII8PG7_XSTI', 3.2, 6, 'Fernando Keil', 3, 'III'),
(75, 'lBLImkFPa_AU2MtYXltKShNbANuj2rNN8S6dBd9wZnbEMDE', 'Nl68PwkIHh2D5Ay8oBqBiO6T4LZJZpFLqgmTOXe_tbLL-es', 1.97, 6, 'Gingii', 5, 'II'),
(76, 'dLzfhR0UoTpVzx1lLmZ7cwJiRjsZGm4k3jftkh3kkD9pk_o', 'IwyPJx_nS4nQIFgX_WZmCWB6WZ1a5_8c0ig4ri3TXo5s8oE', 2.12, 6, 'Rhapsody In Red', 4, 'III'),
(77, 'MJn5sY5wB7oIUI8D8-eVLFxsw4VXHZs0NpRlkorvI6H9Ur4', 'w8OpcSW_RY6wV79EEGHyKLCSlaLzOlKuDpMmdB_9KF_RHvU', 2.15, 6, 'Jaggernaut24', 5, 'IV'),
(78, '5ahKuv0HX3YujD2aV-TWiH8CETvT2KvbpI1MHwfiXd5HZRA', '_BRkY0jk3HBm545gbdRmIvTyByTVFFT4xOmttl-f1Ik8B0Y', 1.07, 6, 'Yasuo of Olympus', 6, 'IV'),
(79, 'R1EONu2q8Wweoyma7Br-Y3Q5AYMBqO9KWa7OmP2fcu0n5B4', 'ZkNpbYPIPax-N8T5R6HjCOC8ONx79WNqBFdg3kYyjZIjFxI', 2.27, 6, 'ZYZZ Galaxy IV', 5, 'III'),
(80, '8pfF8sftknVBeb7Woiv5-hZpD9yydMndk8tw_aGcMrVLS7Y', 'mTjMVMPFVWXEky13tWvAk-vLoFpz2gN8SRndvJz-0hKx0N0', 1.31, 6, 'Troollax', 6, 'IV'),
(81, 'X79Wd-_q9nQZtCH9jKgdcmaS-q5KtXJyBikySOkcnan6nA', 'DqAs21jmrjKGySQC6nlS-sTA7wtGqxNQdqwFqfXcul-m2mI', 5.17, 6, 'DlSORDER', 5, 'IV'),
(82, 'pY7S8wY97PRBRiznVKztgRMJZrBl8bBKz8BKJsw4sGBOrQ', 'DUAFJfgVsGZM60WpCi-Rz1Bgl34OT17W3hPju5OmzyFrQNQ', 5.06, 6, 'DC French Keutar', 5, 'III'),
(83, 'ap9TP7nlZYsrASQQtUVvvdrHcdTjnkDYrbUy7sMzyH8bjVs', '1zqJO9-IKsJeHHWimFMnik0obSg10mMgVMovGDT3Z5V8woE', 1.86, 6, 'DC French Tocard', 6, 'IV'),
(84, 'phztNFPGKdqlp_4HYPmPkgsaxK0ini4wRF2o_p72D8WLluM', 'FtjMr8UtSffcV4rSO3dLWjjaaeudz-9u3x2gkM5Rqw27y_E', 2.39, 6, 'ANNIE QLF', 5, 'II'),
(85, 'lFD24P1hEVwzvn75ebS_06HRxCeHRGxivUTxryZl349Zk645CcWStdJJ', '1nFucY2bLe91Lra1UpddGYw0ALu741hQYcohWa9c4IxljvNJ', 2.55, 6, 'Teachertony', 3, 'III'),
(86, 'YWU3tI-CXI1j5rlKm4VmJxC2vsDLMh-HfCxmQAQzwOgR504', '0cC6TtEvbTEquH0wS327uPny_p8yu7Z4HkT37kwqSxZhP9k', 4.91, 6, 'Krasipol', 6, 'IV'),
(87, 'Gy58n3M9sxrBA8G3C9td6OSQKgcdFa_LFlZac4vXNdniutM', 'hmYCvg3gQiOn5wM2tglZvd1r8_6QQQJuiagOdutszXyCrsQ', 7.55, 5, 'SôyBoy', 5, 'I'),
(88, '2QXkFHKb14dNbegGuv8oqa3_JDLYiKosTE0FSubQ5UMhBKc', 'cIoAAvGOkY8KOox9M77-lauDjy0jL8PG7P4MA4P74bIq37I', 2.77, 5, 'LemonStorm', 6, 'IV'),
(89, 'c31NiZV9kdPmm9jwInuJrgClnqhwEmD-Y2FY3sUl6DaxcDg', '0Hu0ggQQUURMZwuYTd3hetbUxcYtZhrfAxGId0R_TfOTIhw', 1.8, 6, 'PumpkinKingx', 4, 'II'),
(90, 'Boe_Y58SIfRuecOnv4ac0B0jIXit8LABo14VQ7XToZzzbQ', '0Vbn4i4KUgXjtY0A8ZQqVLQfTlNR0abDposjzGiCjpi-nHI', 4.74, 6, 'loquisimo', 3, 'III'),
(91, 'yGvNhxJsJEsz3FnBAMNEqJgJJ31YlkacTIsDVtxsCjkEKg', 'FNagr9kk-OzWtocv5lKvyalANfBjoqHUhSz8YUp663sN9nA', 1.82, 5, '1BadMonkey', 4, 'IV'),
(92, 'Jg7qI0x7KN8g6i5_o2zXy7iOSK0aWJgvQoo-1lXISKlEQA', 'UT1QhEBXA0MyfuQqmAxeI_cRIOFKsQz8B8ZDi608E2Lft9Y', 3.75, 6, 'Bas Ghost', 4, 'II'),
(93, '5rxMsE_uLleQq6UKW5jsOVhqF83hP8ViRE2X9w-poy72Dg', 'CnQPwXmezO5mL_6fsQ5O1YQnjoVQB7qF4noB0BYJUS127-E', 3.59, 5, 'Sprühstuhl', 4, 'III'),
(94, 'fkKL-98I3dhTVmSJIzxNnOcXK8WIt3QOAXJpZO1f5G9pJ-g', '-WWSKmGLVEz4j8Ltq0xeTR1ThY8O7kLEclMXgLEG0aYEwxI', 1.89, 6, 'davidqx', 6, 'III'),
(95, 'vydb6z8-lAxayH7k6sWm2-VwleqUMJH6WRthXqBAgm2Q7o8', 'g1rgwuwSv8IVp6AwZ5NbvbbbDzYx61AgsKRtbWNU-w3Bet0', 4.86, 6, 'Mr Del Fuego', 5, 'IV'),
(96, 'hnmRnB0MHuX4i_s_mhPRCC3muiXvqBn35jHhcxw7PIGp_iY', 'ik_Lxo4FWYoTuPQ3LZsZmxdN2SErf50A_o2ZvK82tLrZvcY', 1.55, 6, 'CastilloNegro', 5, 'II'),
(97, 'JeorQJ-Bu_eww8m09MijKlqMGD3m6-equQgF3DU-K_OZGw', 'A9d6_5AI2zVEZbOT6IetxFL30Sn1HmSIkrLETWrSg7GumsA', 1.94, 6, 'EMEN8CH', 3, 'I'),
(98, 'f4XQxyAHOJyTxtNJ42TlIYgvbMjAStQpxmPpr01VDep23qM', 'HJoPWECBTqf5zt_kOOHxnQTbVwPKaSG0W0iRSRcc13UfmhY', 2.24, 6, 'GodSAMme', 6, 'IV'),
(99, 'WXvcWI5gvZDrU4ODDos7e28SA1t-M6Nq-k-S_LjdyY2REw', 'FZ1GFn04ADz8YE6cgZERWhfftEqHEqvvf7B2P87v8_4nF4Q', 4.41, 6, 'NlCOLAY', 4, 'II'),
(100, 'glvuVkadbGXWLMC0wTDTQE9nCea58ldNxL59qA66wwGoUA', '5Xg9u33KpvrMQjwIMtvr9jmpERKFlvsnBnHWHv35Ueg4NX4', 2.02, 6, 'L366O', 5, 'IV'),
(101, 'ZruC_wRxDyi2p4V2MUlmaOd5TTzF1jUwoZYSkd2HR33tRA', 'l7YclcJlHl_oAPNq9QTNVWFv-uyO63g47OId2Bj3wmqDiSA', 8.57, 6, 'xpekeskinke', 5, 'II'),
(102, 'TcBHAYOFiH4ttrBLCrSqo8lts02I22GBuJI_oWKMOD6TmQ', 'Q5sh8YSGKDdKvKSwmopRF2UStyQMNfFGnwg_sRbZE45mXek', 1.74, 6, 'deathroro', 5, 'I'),
(103, '_me7mQMcAgXYVNAfRLmHBUH2M0ag-Kq6SPc1rOegrFFHJ_M', 'xj2l4hnPwLCFChkSaHoSiWNz10gEVf1yzn9FkxPbAdeMVCU', 1.97, 5, 'WKF Korean', 4, 'IV'),
(104, 'R7KreXhuX8yj8n-iBwdpLCZkcyvsOZg6v2dixEhnzZ1zdg', 'mnGwk6b6Obcrz5CFjyz0_E_Oh4yryAbC-7L-ftiYQZ96C44', 3.34, 6, 'Tekwyz', 4, 'III'),
(105, 'JOJ1qBENKonUqmDU9EXR0Bllf4gqcCk-93yrLSrh7kGQdUE', 'sp-XJst5Ztj5f7A67UJlkU9xhA-hC-X_bwJP399P-_BfBdE', 2.94, 5, 'Sch1mmelFlecK', 3, 'I'),
(106, 'vpfGD_EdhHJoNybFApI_4En7d4_ISD1pJzjQrbQq-d1T_Qc', '72WPlXIqbrr6SlW3QUHmIBgokZ3y64He-hELf10nCgxaiqc', 2.37, 6, 'Axelyss', 5, 'IV'),
(107, 'Uzwhvae2zKsSFxaCsvDuMZcsPS2J8u2A1p20CU83oepO0vg0YotRSk8h', 'k8W6I-7heFhFUEpTDg-iI2D-gRhHMVCS2S7tDxlpqobrCy2c', 1.63, 6, 'Kradair2', 4, 'IV'),
(108, '26fL_yQGe1AGzdrp7ImSVXOcBvyW6aWmovCmfk68uUEl54vG8agX3Sdc', 'OqxX-uhEre5TU9UzJHqTTr3xnszz2d8-VA8cul4XTIYnVfu9', 6.65, 6, 'LordQlimax', 6, 'IV'),
(109, 'K_jB_8ReZho8Sj0bJNOjLtth7vJwuViPyyDwexmfKhxfHw', 'RTkOB04K5cwlBU8VDvpPdDlUoywdE1cseAuaMCcQz58i5Bs', 2.63, 6, 'UnicornLover1337', 4, 'I'),
(110, 'ICmPlxaeTAqE7UaUwAN3dDqCuCpQvrlk-W8x8hnjC8X58Q', 'Edj8nUO7nqV2hinN810dx7DV2Kigr1s0iYQJLnXVGpjp9Fc', 5.56, 6, 'Fr0stFienD', 4, 'III'),
(111, 'AklKr4IaqKLpXKTLrhvmxHkteDcVRUkaKq2NEATBl4WXVg', 'ZgE0kxmEuJa8Bz0Dj6wCmK5u-Tv4uH_ca9MvD90_FT1Dh5c', 5.32, 6, 'DavidPhreakT', 4, 'II'),
(112, 'ludimR8lItyquOEdZBgGXvYmrNiSTJ3nBBox9kOxw3QbQw', 'l3UsaY03xxsTHBXCwRith_rRG5aYG5sO_DVDwXjwGYdhmjw', 0.97, 5, '9GAG NFK', 4, 'IV'),
(113, 'yrqsFt8ZP_3b_epOD0QskNgCHBUJOwrmQyRiXoRgU5ukIA', 'v_0MulUy_oKLsWG29D3WrBZLNi-VMHfU13k6W3VaYgu4jUw', 2.66, 6, 'WEEDELONG', 5, 'IV'),
(114, '2uAjwZD0BjgXayatqWSTC6MJYVMoA_uqjqzHXo3kXWjTgQ', 'XefZpPbLjY5WsqOW3HcyQH8QDbf8Ole7mAEXpsdygfHzZ8I', 1.9, 6, 'HurricaneOfHell', 5, 'III'),
(115, 'U_OUaJgprpT4QbiAb0ULXXp7qK2_pqtHGsO-NeCq86pE0w', '-sRzMoj6S4t9dd8tqTAjwDhSfPRvqdgtSSSWqWYgqWuD4_c', 3.06, 6, 'sturop', 4, 'II'),
(116, 'hpk6pphPiRs_9p6XhemcTPac5vx58zzNdlPuKx59K99eDtY', 'Ca4fyUtci-1iPSsFlC6v1z466rAlMaFb_K_gOe8R0mlErOY', 3.99, 5, 'Balenciaga S A', 5, 'IV'),
(117, 'EYYt8zvjH4V4x3xEj9fHYWLZid1E1mzJt-CVX8_zfLq2eoo', 'UUrXjRKCr_KV9tjX3HLBqQ65Zql-wB7Q7GZXb4f7aPeVxhI', 2.77, 5, 'Fâppy', 5, 'IV'),
(118, 'd7dvlWCLWx3r3TvBDlMNBmEWXlEt6_uhv2R_lSQT0RuHOg', 'TjRqYQ8xS_wOsx_ku42RL2ins8cMl_S84i06rn_WojVH7Jo', 2.6, 6, 'PressR CykaBlyat', 5, 'IV'),
(119, '3RBBrhMiNV_Qcv91ABOG73X8Ld8kR8iq-JzxpqrOgdYzPw', 'ITkwOM4XtfLuqxTpchV8sHwg0tMEQwiDBHadBC4f3F7gf3s', 1.7, 5, 'Kíngs', 5, 'IV'),
(120, 'U6lZqqvPI13JKT7DrcK3C8pjkU-E6dGmt1a2MJq8X2iJwA', 'g3FFIcQ9ujeDksumOzCYOYgMIS24M5RUWhsusylHQuSB9kU', 3.21, 5, 'Wauwerino', 4, 'III'),
(121, 'A5AcDkuocL72nKpESSmRNZLXZ-rpY-bbKxPj-IeW6ZUFQUU', 'P2EbqWs6gRU2bfFRtjjxn_voL2S9kYg3cxlrOlLutlQGpUo', 1.65, 6, 'grand daddy og', 5, 'III'),
(122, 'EkuEkDaActH8C8LFggJ8kCIQWdRjnvXwa-37I24iiiSaoSg', 'IXMaSOXma3YxJsWSf8FDSTXVsR6wHp-OoUEfmlmd3hLwEcg', 2.15, 5, 'Pfeffer', 4, 'II'),
(123, 'usxPzq0zXO6-AhIv9ciWB_Yi5ilbPMnUPwcm1v2TEYC7hQ', '4c9TkKnO0M-Mqv1l26O1Oom_nyX950v5NXrR_olD5KhdBSs', 3.72, 6, 'doberpitbull', 4, 'IV'),
(124, 'nui2yRNY8ixAXKWosDa6gC8c8be8DsBJx8RdiqhYiU9YOiY', 'LtLUMg77X97HM4ZMzbJ0p8IChyD0p4h7PUEe4we_TsRuijU', 2.22, 6, 'AxeToHell', 6, 'IV'),
(125, 'AdbMDXZ_QG4u2l1GZLO8gMhESqn9n6s1pJqtAMyS7mRz61Y', 'egkwJYKboxyyCTlgcRY3OOeQCPIKaHWfL0EeQ99Bjt3ySxQ', 2.19, 7, 'Monkey D Peri', 5, 'IV'),
(126, 'JCe6zSLqEyA_aFa_oaPO8mvMKGYu5n6_MezQoyfENf9afRg', 'Sy8J7ZydVKSk9qQtLhG7LVoKfibozEpy2GQh-z5t0m5NpaY', 6.98, 6, 'ImAPentaKite', 4, 'III'),
(127, 'tCD4hp4YdkAo134lVpcWIr0NHUPlbiTUO5z3qvnjtOAdgw', 'xEYL2ZiQhlnce892jBl9W0rTVcUxz6Uuwapi_5KcKh8fVAY', 2.97, 6, 'SaskeczGG', 5, 'II'),
(128, '2xAkGj4DXKjgd-qi65x5bzIRV7wv85TAc7s7V_qEL5v0pPY', 'ZiaUDdHgCbKmuLKNR7ySFprGIz92hfZSQbrFCjZPmyhyRzhd', 4.43, 6, 'Dõdge', 6, 'II'),
(129, 'Q8H4mWHyjXgjKAHGtRV69gSItsOtKeTKfJyCpjEIZVc51gg', 'GdChQyBQkNDl0Qpfq-5G_K8wkoyOEw-HyDbeZaX6uyn26gQ', 1.25, 5, 'PeioCesc', 4, 'III'),
(130, 'kdMnUZ0yTojjRlZHnMeYHKioU4uTR6inhNikkrz_V8lExg', 'ksyiR1o7rZIhs8qFf1fbKhAkQDVvJ9NYjgycutw52H3quZ4', 7.45, 5, 'GUZUZenTox', 5, 'III'),
(131, '-CEhERUMmHtZwnvnzHiWKwuqtPlgtK5lTqZRX7lQOB3v-Q', '-4vdYtfkUkdxTthIA4ldrGH4iKjt2KzEAoQFfhnSzlwArTg', 3.48, 6, 'GUZUN1Tr0MiLZ', 7, 'IV'),
(132, 'babLX4xCjrId-Gw-8VOvS5-oIzylw2ohznXtB1sROzRZpw', 'JFEhYHTniR38xCUHWBF8dPKk8U92UxG6qqEmh6DVMXMLpyw', 7.49, 6, 'YungKiffi', 4, 'II'),
(133, 'AAsxLVjfPjdHR_mmYye11hpgzgToHH2XEkiEjA4K7EtKcQ', '5QBXamgUornvenKC9SIrDNwQ5NWCp4Rxj7WXBfINERKCgIM', 3.49, 6, 'manu261', 6, 'IV'),
(134, 'xESjbv9hweKE6Tss0QPLFsQ9Fa-bUCDfRq0fvx71rHUak9Y', 'tqgRvX0RiWc8GbBXa_CRwCTp93jCwRndr1TaJLUN8uI89JM', 3.57, 6, 'Dabronee', 5, 'I'),
(135, '2jMkGK_2MbAec3SGcQy2fD86bmhKnCLwIn2BMfQrXtPp-g', 'rgLd5EKoS6emEo9yBTbt6Q0nByVzwTDN2L2I3msv_XwIFNk', 3.53, 5, 'Unézik', 5, 'IV'),
(136, '2f3o5iIm63SU-OJnoRH-NkdU6lIEYHJSmA_nHN9ja4cg7Xw', 'VzTv_uf171VavSkxU3mY8o5rGbkMb7k4Mf4xBlqlsAED0ho', 2.39, 6, 'Töuta', 6, 'IV'),
(137, 'uPpF3SmDSRX8g05mjuTvFplGbygLnMpNA8cXPkgG4DcRXv4', '4iAHBleC4BTWR1_Qv-_7f2gf0GiDAsQyDcOAKxT4j7YdjTI', 3.06, 6, 'GreenDaddy993', 4, 'I'),
(138, 'LgWnYX7msARKSKUynIDRyqSYOuO7ZIYYyppYzdbF6bk', 'yjwbsSJq_v-hr0GRrKYOiHF3PuhPhEkKL4PD3oHFr8px', 4.27, 6, 'Kippokastkniv', 5, 'IV'),
(139, 'oiyn2jOF4qLgSLXaOdZP1f_2HqmaKNmEpFHCV9aIuEvf6g', '1IAMj69sQQVVI2sA6fJGO1ugc6JkanyGQt0Fz2zWwGVDrrQ', 1.79, 6, 'Kungklaas', 5, 'III'),
(140, 'jro7hF92x-Te3lXuYjFg6eKglLAjAHP9KKD74qcTcIrgmQ', 'BHos9OnMJQ-L9fxqjIwDmnZMWELA79MX_LG_Nlwh7DRmu_Q', 6.2, 6, 'Clorky', 4, 'II'),
(141, 'LO2Shma5HZBmxHwlk7B00bqViV3WTXezfMCiHyijURSJTg', 'w7GTDJJXLqmPCrZL_lN_HhdQIYAN7y37o4ESlXmt1d2AKA8', 2.07, 6, ' Anárion', 5, 'III'),
(142, 'pjP1F-T1FJhYeS1rHflkO5Ja-kUv0br0FXrGTbcJ7LiVvw', 'vdP03MaSTuKG53Xk8Ync0niykp0mXoJe4gfb-zqASnGFv2E', 2.9, 6, 'Lamora34', 5, 'I'),
(143, 's-dcVYunU8BMaxN6oDYA_ZO4VKxVHx9TgajF9KPX_YCW0l0', 'vk7U_MOvdgY3Y0_07Rn_SJ-HeKdf15gIWeTSjLwF0owlkVE', 3.02, 6, 'm4sharu REFORMED', 4, 'I'),
(144, '17OzUZZddwN5spx1awIGbbeMCSBJqIW5vu6D213jcahAkU0', 'CBaLbUwmrtYyMmoC6ZIL8bTyM0jsxf9KuCCGS-dz1oi4ung', 2.98, 6, 'pls nerf uber', 5, 'III'),
(145, 'Y4G9bj5cPrzRJTy55kSNg-0Qdo_-XUP-_2bKDWbdoQ3QViI', 'giO3ukNK1hN95935IFxeykCvfZ7chTKd4FVFUE5gRJW1LN8', 4.71, 99, 'NashiraK', 3, 'I'),
(146, 'IBOhen6tF6en3XEsAa1GGHKuh91QcOB-a1zrDNpDlsyxWw', 'drpo4Fffhb6GRT1ZtVBulYPjyfY6U6-yrTE2kB1M8RV--jM', 2.05, 6, 'Temzelder', 5, 'IV'),
(147, 'MHFH5-BKRyemLvJhPMGyMU5EWuKTiQGQ7b3d9xeaOED355c', '7hZpdyozABX9aeGR-CbOjoOMjZz0jomyN2NTm3TcKJEcTfo', 6.11, 6, 'sergiciru', 4, 'II'),
(148, 'WrEAr4NscOgl66K-2VNcbApywJwtUoLg-Js23oc-N7oHVg', '7bAxmjItTGgsdaGthIVIMtEAnHTJRJ5-rIUxpJyJlOwfgVE', 2.21, 6, 'Kurohigee', 5, 'IV'),
(149, '4yYDpUxjli4Oug3ER4eP8_yRoEsGJgnZgi4Vu08Pf2O8Xqw', 'NnPiHWI_2rI34Qvl5iDgjBrWd0Mw_HRMUaPkT_w3061QxPw', 2.75, 6, 'Mµgetsµ', 5, 'III'),
(150, 'Pf8JGMqgNm15evAvqr81AComotX291Vjc-KMdi_6-yD2fg', 'w6kU-OJyoWj_ecUW_Jkt8q2x1n8iQB5_NXQGm_I7R-KLhtI', 3.21, 6, 'AkumaNoKo', 3, 'IV'),
(151, 'AZuIxCS92Q8cXMeZko-yK_y2sCKTl5ZNA0yMeuANQUwWNA', 'lrllLf9RGH94qDTfx_ifvXcu1-aDK2QhS7h1jmM2uj_VSmk', 3.32, 100, 'Amazing Onichan', 5, 'III'),
(152, 'sample', 'sample', 3, 1, 'Top Sample', 1, 'I'),
(153, 'sample', 'sample', 3, 1, 'Jungle Sample', 1, 'I'),
(154, 'sample', 'sample', 3, 1, 'Mid Sample', 1, 'I'),
(155, 'sample', 'sample', 3, 1, 'Adc Sample', 1, 'I'),
(156, 'sample', 'sample', 3, 1, 'Support Sample', 1, 'I'),
(157, 'lQ2ac0Xg4v50p31qYydxnzZEBf5qlYVsS7H01h0BuIRXsKQ', 'Wb3_es4EkXQlrz-WxtBQb7P9p0tm2fmLz25eC5mw-TRf6dI', 3.78, 99, 'victorcr', 3, 'I'),
(158, '5qXfJQLA8zPD81RXs2r2a9AVTWQZeB4fTvli2_3BesJkKr4', '7i8_pKmxq-5p1fXY1AAH5meSCWhWchUadBdVZIVVxwGKuCQ', 3.07, 24, 'D3VILJHO', 5, 'I'),
(159, 'vhoSR0TlldehwJUqbuTgmwQ0QtN1kl3Kr5-AIKsgw_dhcl8', 'QDn-Nqb_T6_kWeGoWytxBNS5jGtj81mjFKcYe1lp3dgAkMQ', 4.61, 308, 'damm1313', 2, 'IV'),
(160, 'sobZm594xnr9ETFm93wwSHXV2mG-n-0uzaTpOiIZn85zjsg', 'QTZ0uDCJ4xGV358dSRPId9Wy8GWFf925wz9gwnXRBZ_zs6DU', 5.13, 55, 'Methral', 3, 'IV'),
(161, '1VLekju6ERYOiUj7OBKBP-O8_iSwTBfq0O2pVjX77cWu_VHup0uwH_-w', 'jACT6RozWLGTMMH4aGl9mZGfxuDENnPPHr_P85gpNMYY7hr8', 4.41, 91, 'Xxfedwxx', 3, 'IV'),
(162, '2Kljo_Pdcytvgj1kQ65CTWgu39qOhZk84XM-4OQKK3Q7htg', '0wAuJEhJyrrb6XEMkUDOBCAJiKAmBK9WJEmlEJgItvnpuM0', 1.9, 6, 'amas 2', 3, 'IV'),
(163, 'sLuQIWcezpDDwChy5jRTuSo0rn5w8yXA07du4LobBbr8FmU', 'WPeSw7hx2MYCryyxVQRu9JUtfKNOjVsRCdYs8ye44L1jQAA', 5.06, 6, 'FaithTargaryen19', 2, 'IV'),
(164, '3FXVg0H38B0IikKDVm5VfY6w0BRnS6nEFMYObQ34tpTnJaQ', 'SCDQQc7sQQIh3MqXMOHW4bfc3CrlsAz225O66HegONTEn7lQ', 3.07, 5, 'SoTOP11', 3, 'III'),
(165, 'CO8iWSKMT6Rzl26_Z6aAi7fXAUBtM_GGuwCeQpqvBqqpKDA', 'R6eci4XpIg5Z_l0rH6qpl8W1T4q492xLfXMB_cTwMW7o238', 1.72, 5, 'WeSS Wolf', 3, 'IV'),
(166, 'NBu0LSBP0zObTthZckqORKFuJ5-0KYckSjfQ2qo2UJuvYSM', 'XFmJq_JAS85TCfz3bK5IeLVesMufCxU_f9cdRh58OdYlbvg', 2.61, 5, 'Gurkenpenetrator', 5, 'IV'),
(167, 'OQl4p3tjN-KPk0-EZP_o4eT3Ta7ddi_1aFfuvE6eWlT-HVQ', 'c_wJqo-LIAHLC2p_3iYy9IhUEvuNO3Zavk8P04WXbD-U02M', 3.91, 6, 'School of Death', 2, 'II'),
(168, 'URr2wnEob5edXQfYwwLOtYQDfZRkMaL3OBnTZOx637V0-8s', 'B7J9u9QQmF3UkszdePUunRv18F8c8CwJ9ZNXoHbs_pIpXng', 4.44, 5, 'Athykus', 2, 'II'),
(169, 'RKL_8oBokZILmEjBy-nvtzZ751T5DbFaugPPwLD75oIV03o', 'vK0lCXMwP02bRCobYuWrWiic-R4b3cnrcocM5s1TFa_YJKs', 4.12, 5, 'EmeraldSatyr', 3, 'IV'),
(170, 'fli7yyO1pHqp44fZaGE_0ghv5WHHt02m2SSf16Tts1SxLCo', 'PfBQXlqr3l7SNT10VNiMBxsTBCoIBmNxiFra12IEHZNBLeXJ', 2.93, 5, 'Riot Virastrum', 3, 'II'),
(171, 'z_C3wkvy5AJimBfsBj3mdrZyG8CYbzzGeW0zRWpWf0OSPI7sZ54NDne-', 'yNEKaEBHO7yWk1nK2_cEgmVnCrvNyvfri9gATsPrpDOVeJir', 4.7, 5, 'djo2300', 3, 'IV'),
(172, '8XilVV5XtTeEfcMBPnkgWwCoMKoVpcxhrgpGndGoyR4lhW0', 'JUmiOPgTpiE1avObSCijsTXeZihhH6ZLwZJw0eFhneub30Xf', 2.4, 5, 'AyoBCN', 3, 'III'),
(173, '5-FDox-glwUfy2b-3mB-ufx6p7U6rKXtG32-iYp6irquUg', 'BHKe4xBymkCZ4vmF0Eq2dwy-w3jhcsFdklL8Nw7b5jckIo8', 2.59, 6, 'mambanegra1', 2, 'IV'),
(174, 'dY5NruY_SwNQSdbSAw5wkpBR3OUcl8bv8ugX91nZrY1f0a0', '5scUbVOe_m5v26bGWLgysAMPrvZVmz9GWHV8afot7hZENmLn', 1.51, 5, 'OneItem', 4, 'IV'),
(175, 'qA95bZHpomqPbc2leIx3TYRaWJDff8Z3pLGAS7W3orgStz4', 'uTgwRXEi1XOjP5eG1ZAroRIFWIeTCoi7pbQHXI3A4iRaZRw', 2.28, 5, 'skullking123', 4, 'III'),
(176, '4EGl85hISqoT2j6BQWK1s6Hp7CAFUDTXeyquRFkKnk3s7r_oAtmQ2pLk', 'jCS9d25oIF45doOrUJYJOcIGd-yVpyNR0ZJZQcIJdflNMMIA', 1.36, 6, 'tatulika', 4, 'III'),
(177, 'PuJ1Kmm8tqaKcszWmcKCJh4p9Cx0DeAm5Tr1PMXGSwug3g', 'l1uHAY_qwTY2GvD5T3fDEBG6ACgtXqR9gLOkSsc7f95gytc', 4.02, 5, 'brootus', 4, 'IV'),
(178, 'PfmAmSODkTA7IvU2F4ODcRU26HrUZuJSQUD4SbKqy6G3eDk', 'MPkz4e3gYngi3y3fkirl8y78XwNrtQId5EFg6vN1tajH-LQ', 3.36, 5, 'Acr0m4ntul4', 2, 'III'),
(179, 'nkWk8is0MLFy7wr3ibPoAFe2IWPmDoAq2KeEpZiqsePBYcU', '3bENb79B3f3sWEIvb5v2OdNuIoBhhYDaS1RgGbjHFsSLpnms', 5.39, 5, 'vango5', 3, 'II'),
(180, 'LDeVOz7XZJQWJpvK_xpPYKRN7ljsX_F2HldrosIO-PrxvzM', 'uQvm7A2eZz9uuLPAZzSwqq97erbUEHj2oQfAMltjZDm1qos', 2.41, 5, 'pikatchu97', 3, 'III'),
(181, 'f_CyA0jtxQ6rRlvfwMiW7BukStzeVYWlldEpIT5z-1Zuzls', 'JOlSGhY_FWrFHKOkXDtGQuxNIqVopyF0BQ82Ewz4JTw5texG', 4.33, 5, 'ChickenCurryXIV', 3, 'III'),
(182, 'FyvhGBREiX3Y6h3hCdbK4g8pyfGydoG73fMH9kn0hlWdUs8', 'gpLmhkw_e_icxjLayFCB_2gl90vF0XcQKH5CR-SD6zOldMA', 3.88, 6, 'RodeoCobra', 2, 'III'),
(183, 'x3nYW5q5TCA2mb7idedcWW2ZLm4Dgk_C3nACGcwxgdB-aoNTV5f_xEPG', 'rUHwYM3BM45msJkRqOZUuw4TWPxn0uxvsbwnDgQvPLupOmiP', 8.37, 5, 'ReDraGonAmoR', 3, 'IV'),
(184, 'YMcgMKwvTW1-aoxj50ICYDTz81PDH8KRmA9cnwvyHw9S-yo', 'Pvb52tSg-t2x0bM80RXxZuc2siPrVooTSZAMDOqj2HZZSc0', 4.87, 5, 'ch560', 2, 'I'),
(185, 'Z9Y-67WfmUYYfHlOV91M68i8k5j271KFSChBuCFJL2x-Vds', 'IXN9yf8HE228wl-FhVp5GaGDjVILKUy9k0c9UwouA-cBNe2r', 5.29, 5, 'CanIGetSomeBomme', 3, 'II'),
(186, 'jNN3nuYO0azKOy2cFYDwweaKwQt5Qli-I2DCqYuaGm5PEA', '0V9JMWb1QJszoxFXNp_eF3BfW7OFI29BaArc67X7QKqhYRk', 2.69, 5, 'Dynemouk', 2, 'I'),
(187, 'SucH6C8-bNIaOeJMreJAVXRS1ZrrGGq4rgZHPewU_pajNxs', 'rY1-I133ysW7KBTPx7V4ZUpWao-Hix53QEVHGzuBg0InU0E', 2.11, 6, 'XHarlemShake35X', 3, 'IV'),
(188, 'EyrgiOM43VZNiH2JqHMAqWcgWQp2CFBc-3gXGoHAYGT3BpG4mBV0U1nX', 'hUG20o2fVxNdXOHSTlCOgVUvYUNDmz9itmRG-HHlFMReRL__', 1.22, 5, 'TIBECX', 3, 'II'),
(189, 'AL9wm4D9SjJmpiOOmHBZ1jUiXwTENUwMxIhJ0cI9trutH5E', '6EJiTFA7JvkMXVZoUDeP-egA3ZvTd8MxEofQ3Btq_QdfSoE', 3.27, 6, 'nematom', 3, 'II'),
(190, 'rR3LnuqOKUVsW5Sf_i2cPYKcQjsDjMVu-5YTfeJl2pSlXtE', 'tcfpAbkZFcIeBkIJoINUcFed9jNBRYnxMt6TSkLqqgK1x2k', 2.28, 5, 'Rynxxo', 3, 'III'),
(191, 'S23PKsoHtrDo7UuqoSYkwfChdIOdmX3lTsACvfBVbdFs9UE', 'N3yXIf_ZztlND21t_AKiUb5RoMSgMcdJqlJfRJ2Yq3yHToM', 2.65, 5, 'SKT T1 DoNGeR', 3, 'III'),
(192, 'OqPBwqD9Z19E9QtU6aboM0pQojqCWBJrzIoSimyTNt7Hp-c', 'D5mkRZtCVjTI7LDKi1EqrEDTMtmJLpKhlE8qN2Oe5QB9M0M', 6.58, 6, 'Rankgor', 2, 'I'),
(193, 'EstAYJqMoanP1S0fD8wlwlXfNWUIvYttTcBkyYNGdlEg0ZU', 'xmwhG85mRTQS7UYkUtn7wGa_fkDO1xsrt7w_kxosWaFULok', 1.04, 7, 'InsaneYobanna', 2, 'III'),
(194, 'X9Uy5yQWiFDppWsbw9mutQs0NUmOKIR-28zMVac7ftJB19M', 'rVjpCK171g9AQz_SKKc_cK8Xy6_nmMUsjAYWk8shrRlwMNc', 3.26, 5, 'DabDing', 3, 'II'),
(195, 'jD_zSaj5KT1OK0kkd1iwyxo_QLLc0YmIib41xc0wPw5m5oo', 'jQBFrarlKvjT6-_aLRN3wZqbufOkShyeQSwjTllt7nhFA0Es', 1.93, 5, 'N0 life khazix ', 3, 'III'),
(196, 'g6W_ZrLx2RXmGZh38VswpDtLxm1-eFM3gQnSJnS9RRrUPw', 'HcU5eOTNYYhEC8b8Bcfw2gAEZwaxgSAlzxZ8L8w2EFeZf5A', 2.81, 6, 'APCG11', 3, 'III'),
(197, 'jipSf9Y7-qD6mw1lS7SfI1cvYNC2pRmZfhQdeLtWgD4tOQ', '3ETXuDwXX8O9ZcYBY1RSpZTsqQ_PE7WwS0LpaHnEKAXcfMI', 6.14, 5, 'Silfidius', 3, 'III'),
(198, 'YIdB-ABv7lUpeH_bsCGMJnDNhY8MnEdQd6lrq-sHqI3iGgk', 'ipksD28pAvdt0BSpEZKIZe23tfz2EfsifdjXHoBL0CV7zcw', 1.2, 5, 'BayremFrr', 3, 'IV'),
(199, 'ivRQpNM47lxF-bDApID9RugVcLCYzuwD_69G2-Nw-ibOwt8', 'indECIjIEnoweWN7f_k5HicVYzOaEM_k6i75DePeq5kkrflj', 1.85, 5, 'DestroyerRr23', 3, 'IV'),
(200, 'omXqtVvtCBnXm3R2nBrEAqBPHsTm0USNQ-HvlC_EaVAbmno', 'hNjNKdFU0PaZicUfjzt-to9Iosbi3ah6VBlaliYhYG7-KB4', 3.25, 6, 'vPatricK', 3, 'III'),
(201, 'aq8pqyMp91hCQEJio208JggnS6LbyW5u1pAE8-_Y4I8O6uU', 'mfvZ73WawXnNzdkb0y0C5vSvlOKkjwoaDVVn4toBQEHYtrY', 15.38, 6, 'x945x', 3, 'III'),
(202, 'b4C35EjZUkolUHOvxn80k-NRkGpiiE-ue56j9lBj2ji23EY', 'c3Le_ms-LAFVJsrrzd59r9D0h_NiARiODlJQHFP36iIjplc', 2.67, 7, 'ricardogomez91', 2, 'I'),
(203, 'Ea8LLr4q3F_lqKmZmcl4OwfL1IiapPMZMbJgRUaCDz_3jg', 'A0v6A5wLFssgyNHgsMYIMlXq9qwI87bWR_q7b8rXfyDE1zs', 3.54, 5, 'eggzail', 3, 'IV'),
(204, 'Ev02-D_JgvSM9j2TJ6Tdn6rxSQ2IQh53ojaIPeIN-vHcgKc', '3Ty0GMydAChtX-p8cJPod9p22EsIhTFX-eLguUrL7z9wChY', 1.21, 5, 'oOkamuiOo', 3, 'IV'),
(205, 'CryQcM-FeQKbSlmJ_M2GrlywN7TDzkdtyUvwSnjyV16gc2c', 'VcExT4mJ8tNFK_DnbP22z4X2jfL4pL5gNYMGclC5h9MH5cQ', 5, 5, 'Musdena', 3, 'IV'),
(206, 'RVTvHDiQfpny24i2NTohoXTnVdV_Zm8iD83aRcnYPM_I-w', '3mxLSEQKezFCvs-DDqQmNK87ICk1ZVQxDbETdXBA7pyJszk', 7.26, 6, 'Sparkeeh', 3, 'III'),
(207, 'hvcoHYJ4qB33M6y7SucNXiDW2uan4YWv4xXGQBfa-MFiolw', '3u5xRG2V3OlMmIqwRakp-vOmpX7fjEtKTnvL1tsbNvQYQyI', 1.29, 5, 'Fotheringham', 2, 'II'),
(208, '7j1YZp--4j3EvpGfZU6Y06g_NbsPMWTym_j_d_cljC29qh4', 'vCryR7Cfv2tCGFiOS8un1P88u3zKc-uwJZ4CpoEMXPKHfRs', 2.36, 9, 'AKBLATA', 2, 'II'),
(209, 'Q_3kgzo8p4yTvmkgNJruIkn3p78cLdUWF3wGCw6ieH00nS0', 'MWbl1evOUy5A6YEGfROqUbt1YIr3lMtdtDf35FQVQi9VgA77', 3.17, 6, 'claimvic', 3, 'IV'),
(210, 'WlVecIScndXTVPXTJJ9-aVoFnWBlB3JeyZzuVng2mE28Ek0ghGJpWSrz', 'waSrNhpDt7B1DO_avuWGVTffQxO45yOtm0pbhAtNWRStETwh', 7.12, 6, 'IxKnighty87xI', 3, 'IV'),
(211, '5bIAmi9Kx9khQ7A8CyiaU8exD4PQaDpfwjKPbOCcNb_Z14Q', '98Xyu5_R-FkH5qv93YchY8doH071Z_pf2qnN8lTvZzBbrmw', 3.34, 5, 'arowen 15', 2, 'II'),
(212, 'nTDR57yayH6QUiXp71fvmcmdJlpG7VvT6gXk5jhPlvMJ7Q', 'OBv2I1ZFr3OPkwWsKvDJNwDuYjuDo3UJ7a-HYQb07rsMfGY', 1.38, 5, 'TH3KINGSLAY3R', 3, 'IV'),
(213, 'kPqsrw-8_kLi944G5YLJR8ZvFsFNW4DlKAePo27gIpqFDjs', 'qM_f2BPHpjXGJG-A_0DoY5bf3NZpH2jQh5Jel7GrJkOSI8E', 3.72, 5, 'Faible68', 2, 'I'),
(214, 'rFm4Tup8La3gA2afhXCp2mK1OLUm5I18MnQ6XxfjuWdjBek', 'w-kkRneUWvqLOpKWQ4mAJZadKuStgRf2GU3H2VRsyMTIM9aR', 7.59, 6, 'HAMOU10', 2, 'II'),
(215, 'wKy51476RWkz9xme4jnj2mPAbs7P6IwPRmgfGFqMWoK7mNM', '2jQHqN6GQpuhphwtw9737Fz0Azaekuzh2Ydw0DKHbGgGSb0', 1.5, 5, 'therealciccio', 3, 'III'),
(216, 'cXowmlDKtZ_lpuqM__I6NIlIhES2Gsj-ZaBO_UpKk9s', 'RENjoHFRUK5JEivqa2PPhxikepPWwKbRyapva8QocQLH', 4.15, 5, 'Just HANK', 3, 'III'),
(217, 'ZWanGwcSku8iQH5EMd3-KF8QyOEQljmVje7BInjHuycdgeU', 'eko31ndIexFf2GnNIcy24FtqNV-RKZs1aVQYyS1FEy-mtbBK', 2.52, 6, 'czaromen221', 3, 'IV'),
(218, 'Qr84XIksk0hQv48hTcF5Fr2hUYHzVrJosq2OcMnCNvh-hzU', 'I4iA4iP2I7V5ouyYqnJxr8nQ_skOtVXfMcwPJWt8jMu3_uU', 6.04, 5, 'Kyaa Sénpai x3', 3, 'III'),
(219, 'cYWxAvHccW--oKC-RtSmQwuaIl17wxyTVDd6fGedFy8va8M', 'uo968YHF7O9x4rjPsphuSX7q7UcU_EqHY74gGzaqj3KyxWA', 8.59, 6, 'iwannaoppai', 2, 'I'),
(220, 'inNjh9b7fPWWqpFfOfvTYMM3h2S33ydnIj2phxmdibGLh2GUaVX5Kht2', 'gsGXl3h9kGoSeS95nvdyur3wKniGuTgS5_FivDvdwwXqFB7d', 3.25, 6, 'Behfigwik', 3, 'IV'),
(221, 'K2vJG0GOoWZlYOyqHcA9BFtx3Vd9moGRZcMVqNNeX5bvk5w', '5SPL4-QlwE6xcKQQdMjI3li7mw4mrcYk0_O7xg49INERbxE', 1.97, 5, 'andreamonni9', 2, 'I'),
(222, 'c2uft2b9-1HJNjPzg8sfVpmfIIc7e50nRO8aW2idUaLlD9s', 'K607gfPVYBtYNiqQmo9EntEKs5pLsSyE7DVGHOB5NFpeRZg', 1.48, 5, 'DàydàLi ', 3, 'IV'),
(223, 'KGy4GN8HqGG4ZBylo-lk1eAZi3qghWZMGqxQRprMNZXXHQQ', 'Jn7Y-ZkHmFOz2vwTy7ItzYmx_xwgIoxTEulcx9QxUUQF942_', 2.83, 5, 'Ungarius', 2, 'I'),
(224, 'uKTLZc3rE_9wUlR6SeL-SJDI3eaPMt7Wpvxh40eD1ln51lc', 'BB_9oKV_BKkKa882s1bjm6h-F6EW126cPvmXQJKxwD73qfE', 3.98, 5, 'lacasitazul', 3, 'II'),
(225, 'Nl00H5JNs4v3liI9sm4XTLPFXfm6ZYdvnRbRXExSj0ATFdE', 'AQaT3QTOupYjzBhQ7UH57CKBry6iPXv5iX55D-NW8p56jRHl', 2.65, 6, 'King lol 2', 3, 'IV'),
(226, 'd30rftAaKOuSkBAvWyEGglPtTxE2iBjJl2UuaREmMCylJpA', '6WYGgzZ4hwess69OmbD0WEKMn-kK6G8tFO0HxaBN5ugyTwQ', 4.34, 6, 'jimos10000', 3, 'IV'),
(227, 'bX7twyZKjN8LCNtRS0dYY5uO4F35Ka3x_nXAWhNnc4hlTE4', 'TPndvIqn4rzUkuFeufPSzIjH6g8_FgCIRzwWUPvUhC6Rwew', 3.16, 6, 'Kirim', 3, 'IV'),
(228, 'FAET1uGKPZEaJCKFIpKsvzOfAiHVYPwhjzecVj_hf_uf0qw', 'H3K0mJixu0KH7vgJuS7t0il9mxdNlW-4b4P4wgnRh44vJ8s', 1.91, 5, '8SappO8', 3, 'IV'),
(229, 'bHjUi4o8SIsBBbskmNyAQttRykKjcMcwdrioDcG8qE6PlJWFP8HowDJY', 'hKVEePn8P0RJbZ4w3O4aq6hqcjLtT8Fj4Td234RCoCRfT4zx', 7.16, 6, 'persian75', 3, 'IV'),
(230, 'kes2RURountIjr9MAbQJa510jWbYFFkKpx6n0hbiiKprK3xriKlHUTBm', 'Pb4HWwWFLEgGgaDSHpAgLKsb3CsOUN5TKyZMr7L85MsT8ZEX', 7.27, 6, 'emirhanbozan', 3, 'III'),
(231, 'qzvwdVj0U2Rf4ec-epPusl6knlc_4KxNdd9zYwPDcTGeoWk', 'Ko6MBdjKuKTCczmsStVABdqm_wyX1Q1c9hCnkt-Dms2EE8g', 2.79, 5, 'KhanzOuBniin', 3, 'IV'),
(232, '36s8K1izti5uxW8T8O6Mv057kk5tq1RRKMlhF977GOBVKIY', 'qamzjm9i0vjqi2VwQbqZKP7IKMl_5lG37NvfxPLxcFwK0t4R', 4.07, 6, 'RezRezz', 3, 'II'),
(233, 'aDtBmWojrVEBaXBqbqHw1y37PDLiKHNPOL-bj4mUv-ZrUo0', 'eWQ3S0hhMsRo4E1ZiEyBxnc32LHLWEFiudl358HGDDL6sv8', 3.04, 6, 'PsyCollPT', 3, 'IV'),
(234, 'liav3FVqaKxW77eSGHWPh4uEOcPzl4j2Z2NqijcMrKsgAdE', 'KeY-t6R0XNUUYm2lvHubN-j1W5M0GooNtOeEDyLxHH0F8VKq', 3.42, 6, 'bouitsa', 3, 'III'),
(235, 'rB8P6gLQTpaAloYH4mkyJnWbhDO54d9aRMp4SLyz76Gna8I', 'f7UBGFw3h-mx0RUM6fy5M8X1ua_lExpPrYUoPrMpUJDO9Dg', 1.84, 6, 'SSLOADING', 2, 'II'),
(236, '1p_dGvMFMjdI0noM3X-qTrsUKqlq6N7iUFCpMMF9G-_7IRUS_dXhtMwj', 'Ky10PP2CNiSyscjb2IBbOK7n8EUXoYM5vTJzGxVe-OaHH6uH', 2.63, 6, 'Ophelie1007', 3, 'II'),
(237, 'cJRf-ATMQ-WD-qEXVYQPdFZGwX5ptO6NP9gDeSyLLpoZuuk', 'k8-JeVzY2RKGwTwRNfrVdJPGx_hkbU6RXzFSvQ0FLcDCwVw', 5.31, 6, 'red2sonja', 2, 'III'),
(238, 'sqXxRe0nrLENeWdeAdm_I-qexH_tHFJbH2mwLvMNGoKDoHw', 'mErcErQOUJ8OjTDQMQWf-ZQ_SVH34q_nO0yIF-ha5Pw5AOFB', 2.45, 6, 'Stravogine', 2, 'III'),
(239, '8FNt3hcd-ustRYlV_Gflr5LevjnBCy2A8Ytr1liJltVXIME', 'o_KjJWh8Y2slN62xVIPWCURn_Qkt3cpNrD8VehqA9c4eEv8', 4.56, 5, 'MaJiD ReD', 3, 'III'),
(240, 'fLLKw5RtHKAb5WqEFLpp385zuX8EQEb92aaZBg8dckcLcuk', 'tBlXZYmRfglE_gJxO2OnmVEAlY424UY4hcmRo8zeOy9tFlg', 8.22, 6, 'XxXDeath notexXx', 3, 'IV'),
(241, 'CjGQ47LmnZUSAwJfEGJGRDi18b1Ittyp4LDjt06Gugje7S8', 'QnaH-hCczLVpHSK2s_dAsK6VKLb_9UiNYVRPUssw5LJ7zbQ', 3.93, 6, 'derlis123', 3, 'I'),
(242, 'bvP4wdQ43itBTbtgNBIqWIRj1RzNCmdeMNtQCAL8H9sfW9Y', '0WsGc2APu1IjifDqwX65__WM2a3WgYRgZNQc8iTdRP0HMlI', 2.11, 6, 'Zaaarch', 2, 'II'),
(243, 'aZYW1epeq9wEpGIEHHDPZOdRuz3I6Ikxm9leAD4Fmm1xuw', 't7q9p8SVeQLarFSKtnjIh5KX91cpHaYudYSf7Z32wef6SNM', 2.87, 6, 'TnS n0Cràch', 4, 'III'),
(244, 'CWEC2GU2_Oxhu5hr6mR61ScgtnnB1frx2664v4NYW6tHjB0', 'BMZ_4WFUePgP_eBPyD1VKpigS63csZRRcUDVG7HReW3opvI', 5.31, 5, 'PLJ Kiwi', 3, 'IV'),
(245, 'dQQJRd9wMfx5t_TC6fSFJK3yp5cAmTE-ulMyPSrXM-hChwY', 'MDvhNBK7IlZhBVwd5MwcYtd7rOkQ9z8goKG9hXeNX8pm42E', 3.37, 6, 'ALM franmole 420', 4, 'IV'),
(246, '1pgo3nsTrITg3AKOtCPMQ5zboY6gqknxmCU_IbeQdTmqriRk512KkCKF', 'elV1Q9bmIQSjC3V6rG54WTe2kkPHyKUhOh8D5LHieu55pbXd', 2.7, 6, 'MGP OωO', 4, 'IV'),
(247, 'tCHlVhE7hsIyPCy3g4O8AlSbQPpMTTO4h__Cx5rb11yY3w', 'VmRNBuFob5trjXnLavKCwM-FtuoAkAHJT1Ox-IvrqtBbckc', 2.6, 5, 'deadasland', 3, 'III'),
(248, 'fNjyHcrugkfSoU7FHIAr1G718EAqw_IVl_7jEE_jfKiR1w', 'hiXqe2_fRGBWfaHaHQAHpJfAu_Gx1khipFV8ArFUKqEvzqI', 2.63, 5, 'iovecupcakes', 3, 'IV'),
(249, '5WTa9ZWgfnJln8E4-tYLIuBEL83xhBVo4PIHNhj9KxOM2OHCuUZO-8Su', '7droFubT3iayJkTVtWOBWn03wu9BbiMYYKjWhkzXuXmB-sun', 3.71, 6, 'noobutkeepgoing', 3, 'III'),
(250, 'yzJ3ToRAw9lOr6OuDxOXia187QK7S3zjLWa8awfm-MB4iA', 'ODrJWZo4EZtDqf9LvValLd9BNpOdh_oSVqR8DYj0dC8vnyo', 3.05, 7, 'Tordnroth', 3, 'III'),
(251, 'M0T20YwZIcZn6vCbZTIUvud2U8ADE5gbcbmSTfvuLvWrrg', 'n8hgMPcNiJwa2BE8K77gUXInr64k-VypZxX1CF6cGsj3ZOI', 3.14, 6, 'Kuríkara', 2, 'II'),
(252, 'zXSjUiJOx_A_BeNBLwH_lgIvwzfX86jYXFfg-TzUpu7hk8k', 'EoDij62ZjquCOOvEMsuptRgL1DtB7sLLj-j2DAA8GHThrI0', 3.33, 5, 'DAVDAV2001', 3, 'IV'),
(253, 'JZshvdJIpRzpuHD-m6YbSxtEau-4VPzynXDt1Y7-X83hZ58RxtGnQ6BD', 'iMUth9q3yl0A91hN-lyCAQYtv4jvqgI0IZ3paIAviQTT7YEr', 1.81, 6, 'Deathef', 3, 'II'),
(254, 'xeVtBvlvjI-nSAyxcEkAddKHPfD0eX38WjDCClJQQ504IAYHC1ED87-F', 'T6uZE6C7YD64MuW-eRqIHb7r2MIWcGGXSidltMnoUMfehskY', 1.89, 5, 'aPleX1334', 3, 'III'),
(255, 'Ee06GPuRMWtMakTAplNQ97VPDkx_KUuCU7xvnHsddz0t5r0', 'pZnqyGJ_2qz-WsreM9NtO5yAeT1gqhfYp03UL92scwnrD075', 3.22, 5, 'iKeRLoL17', 3, 'III'),
(256, 'phJ56ICKVMD_XYd0BQ0AQIfMXxnIl7kZpPt_tgvt7AzWO8E', 'EjL5fDZFcIpcHgYFONYkg7m6-uA_WcvAc_vQvAxaGrpaVKcd', 1.42, 6, 'billboog', 2, 'II'),
(257, 'zbjaEgW3g1cAJibnuB6X5X0lo9XQEmCORLQv2XW7ottnTR9aAobaCubf', 'dp7cJf2Wr61RDSCfJURyEJwVFUc0S0Ggo4Wr3iWG0EHY8K1x', 3.26, 5, 'Superior05', 3, 'IV'),
(258, 'ecPpfWm_BIF2uOFfsioh3nJ8uTkUxo4MH9NqQ-_k8Z_Rr18', 'oJkn5LyhcqJ9emM0b74v1-pZeyMtfMpyiNPj1hLk9lLv6Kc', 1.63, 5, 'Isinho88', 3, 'IV'),
(259, 'eRopxRmB1dlEydWetwLzww1awUacsjQkD-tuVmAkqPU', 'T2HlS5sD86trOT4ur44XkuVtETO6O-debCm88aVapNyV', 4.81, 5, 'burphand', 2, 'I'),
(260, 'kpG8iwbWeGopfiUwgMujA5tpWw8_lpLpo01hM5ZSLz8gfX4', 'jPVVIw1W5ALucUHjP_52-FecSGlyoFU72dOcEvIAhtVrVL8', 2.97, 6, 'BROCKMOI', 3, 'IV'),
(261, 'Svixg7UADp9Sur5Q5crtKF5ejU6Pr9ML3s6U5at3R4XWtQ', 'y2Ht5ONrRDJdTpJYR7oYSrinpFDtlBaVQ_udnk6fe6dT1AQ', 2.34, 5, 'IFrahhG', 2, 'II'),
(262, 'UhMlL3ULAMI6PGn6z-Rp6w5c3CCbG5PTUqjdZVFxRDYzjyU', 'Ynfc8yIrNL3FTNv92TuQKeFCv5oYMDW92oMSBAfrMjNyji4', 2.01, 6, 'XBlackSaiyajinX', 2, 'II'),
(263, 'VlaY2wD-nIAJwLUm1u5UJRvLSWxaTr_3g4vNINfldy6DVQ', 'v5NaAkv0R0oux_3jp2fPx6rjUUp9XlK2h8OLx69fKQ99N1Y', 2.43, 5, 'AHotTuna', 3, 'III'),
(264, 'RndB_IKbYw9OdAmnPL-6LdvzFOkUI0P4ZLVflfLahZY-8A', '1WcADv8-6PD1iLraK7Cpg4uLH0Im8ca-KRJdp46OKCOWT3E', 6.21, 5, 'MiinimusCE', 2, 'I'),
(265, '7_hhS3T9EZAvD7dxIM2rp_CUnlozH372BoPvfFca8ZFvXPe3jlW3Ifit', 'IoZbOe5W2ZpaV3aG-21aNJaVVUpV__dtp4G2ggNu85JntXcD', 1.45, 6, 'Winterok', 3, 'I'),
(266, 'AhN-TdvEM1IWjRXebBiE3ioTJ8oR0k8ILYu8jUHPYgBbJPcKr7bjBvAE', 'r5IpOguB0q1xaW-qqP2pHlbVQH8V4O-NY-dU14jzmADXStKv', 5.24, 6, 'NastavnicaFizike', 3, 'IV'),
(267, 'TmSRtTT6oI0CFJYgzFYmcAxTRt72Igx2SzJdQzlWnXfIu5g', '20QgzXf5YavNYTXnQ3A4eAD13LlBxaFqoB9-4YXAq_a7jF4', 1.26, 5, 'Toxykul Mada', 3, 'IV'),
(268, '_MtrDvTBISn88Js87FRxL8mili4nSjOULs2bwj8M0RehWkD9nE_GjOo0', '_fPi0rjy93_15T7W0vJKe-h2onDvrYL96qA6BoPC2-LSTBxB', 5.66, 5, 'Jamminator', 3, 'III'),
(269, 'BKxYrW-8-_DIL7xSLTwkThcVMGOAcvR_e_-pbJNtYCMQB98', 'FTMq6Uz-ApbVW39wgagTbJd4PdvKD_tpA2RgpInfbLRjXlQ', 7.7, 5, 'PtitBou95', 3, 'IV'),
(270, 'yemInakrZ7xck5yVv4OzhBKzh22MZrxik-GTXHkdJT2U6k8', 'Csbo_j1W7ayHmSvq9XcEzBppcDssc6xhOP35-HrJogpMFHU', 3.76, 6, 'Hdkr', 2, 'I'),
(271, 'sdktxci5xLJ8hXtldiPM1hi1jUoflYGN1FKAErUKN2e53V4', 'X94Tt98t0LCPO-XgP_qkLg1unluQs6LkVALDPACeJ3izY6o', 4.92, 5, 'crazydoomlegend', 2, 'II'),
(272, '7YcA4kaJZQ5bHcQspqcBHElb8EWptzpMttydG_Zv5SpfsAI', 'qI4FZ_tVem-caCb_5xrVso6pCu1ANpRpFm62yxEvRciZj7g', 5.15, 5, 'teddybeerDragons', 2, 'I'),
(273, 'TKcaSKNjHafn9lKACBqdNOoSwoAKvhhVfd0FQvs_l3REITo', 'hnMMXNCX9QfvVXykxMh8K6Zd5miU5b4lJgYA5ALdkA91xiSy', 1.19, 6, 'THE YASUOER', 2, 'II'),
(274, 'af5uYobsGPAPOXDsw23nhhDGiXXcWXFZDIUzHaySxYCi7Ow', 'NyUG-7G0ightnZD_v5nTzMG6YkJUIy2blejfDsTAV8q9YcA', 2.47, 6, 'SoulReaper1989', 3, 'IV'),
(275, '3Q8yW3-Fjk9MPsCcUlFjS7o76ChPz611zfR7qv0XgdRKf3Q', 'jlxrvVRmj0NIX54dL1IdlOkeakSzYijRTByAuME1tojXQFI', 5.2, 5, 'Dookii97', 3, 'III'),
(276, '1-p9qWA_38F_WwkF4X2gdtTNYBgtDlEGcNDI2-7wsVkqn8E', 'jUzzWFGfu6HehMiRSvNvlMYAo5M-y9wedKkQ3Fd4wXv10rY', 5.59, 6, 'Kohucake', 3, 'IV'),
(277, 'mQoB-2mcYrQv9HAk9EJV6uqFBCix1ZIOKCTmjBkjcCDUf18', 'X96UfAneglMHd8-EoZs0vYmAZAbNiCN8bb_Yvsxkqz2DPb0', 1.95, 6, 'The Kuubik', 3, 'I'),
(278, 'SMslfY6_-TTT6nNhccllBkDCMfCQifemxQHFjeKd59F3Yw', 'pasIFOcbjPQlB3GeZ_eX7aSRPDW-V9x_WFy0FJEIl0REFeY', 4.47, 6, 'Nivicii', 3, 'III'),
(279, 'CHFJsfWNnijMSAAbikI3NOoRoINKQxPKdHO4rzO8KmOQb9g', 'rYQF2cq6ZbwEfoFDbskOmNJOzcKbQyS26TLqrNJ2f8jP2rk', 3.09, 5, 'Daantey', 3, 'III'),
(280, 'DPzp0o8TM9_3IRsDUUB952I_C09lKXo9tKfy97wF2HpLds4', 'Sz9YaDTAL_yE0G2DIqspZ996Q9YBJ0un4bqr3o9eigPZitEX', 5.16, 5, 'naoufalnok', 3, 'II'),
(281, 'bQJu9Y5ju9b4CIRdZUsZNNynDjWuKvUUd3T6aF63dKFyHWM', 'CC8cV_6SXaNfHE4vAgrIEpVneY8lbaN7EY2Z5q3MHDQz4Ug', 8.99, 6, 'Colibrì', 3, 'IV'),
(282, 'qNo3TV4Tb7lhVhz3_sR4Vnir8R94C9boaH2d_z-sSgFWed8', '49ifm2CINfDvdOzV8fEiZ4cymFxfHte3DXAbOsAmpDyzF3Y', 2.17, 5, 'greenmask001', 3, 'III'),
(283, 'ObgVew_-2W70pGlXE6aACJWybZSfLCMyaISKaBIIApAEWhc9CEqgRnt_', 'H4VTmXl8D9vDYP1DFcvGqGRY8tI9bPG_bYSBxLZZLW3bS7zX', 4.83, 6, 'DERDER104', 3, 'III'),
(284, 'ypUZzFc1Xb-7j-Vihvl26P-QVrNHWxE4zSvKstnbp4cqLZc', 'H-xzgHvgSM0jFad_KcMvEfsAJo8L6RDS8wCCnX7LEG5YDblG', 1.66, 6, 'LIL GOLFI', 3, 'IV'),
(285, 'FWOnwDzU6pIL3c6sWJWSUnQH0n9Dkuim6crAdTOCHbvAxq8', '3spRMxoCe4KOuhQ6R3zhN2_KMvL0IRbppnlfqwBSVad2YxD3', 4.73, 6, 'Fxxkmylife', 3, 'IV'),
(286, 'r-utM4nMdZb_CYw8AirqYmfqn0ucXKNWruqFaK7XALCNCks', 'HS5rtEFu55SsmZH5pBd4GeKXpJTv2fK-M62KUfmG0pSL9F-v', 0.94, 5, 'spreetchsmurf', 2, 'II'),
(287, '3gP61RhcRpkxGSDuVBiLUJmajwFuXMclYijkIb-QVda7GsE', 'CNUICdMBaqiUqG2a6tz-up52cJv9pz7Liux_FqECs2nzC_Ys', 5.88, 5, 'Rapose', 3, 'IV'),
(288, 'Ia0197m3IO5pVuKPUgZsfkYcPWo3jNQpMX_WbppF9vBUxSfhiNC4lSBK', 'W2Y99xkJEsMEIQ000SAcMig3WR3kYtjATLiT4jhT37ezeB8M', 2.05, 5, 'FlashLegacy', 3, 'IV'),
(289, 'jlA3tjTAo4Kt5ev4XNLgtxHNDqXHiAjEt53SqX9Z8DDAlLQ', 'SszORGAnHGXR_nscFGjaBiWBEQNlJkHAKF7Ryzg526VfEwY', 2.39, 6, 'Devin17', 3, 'II'),
(290, 'iiNnT5YhREibS_Dpl1OtAmQu1wWU2CiweMWp6z2uOTfft78', 'IDZI0lw7linkSqW_2accobMHpdbno_0eap9IixfSrPHIyTE8', 3.77, 5, 'Nebucadnexa', 3, 'II'),
(291, 'zaOjssr_YiJmi56ciyHohhViNg81cjU99IPgtzAPu8uK0Q', 'eAv31f7pmg5bBdCMlggmY5D3P9PlJsv17vu2EK2BamUBZDI', 6.27, 5, 'Sir Muñoz 1987', 3, 'III'),
(292, '3uodaWSCtEkg3mGERGzufzC1gREKPsA86SLxIfFrBH79paw', 'n5d0lOxT5xBu1lUM3ZYI1k_fJnIsxiq1HMbEMPfHFyLxmoOo', 2.12, 6, 'ManBearTiger', 3, 'III'),
(293, 'PyWb04GP_Ug0yQbuYOIh2-RT98hGy_3YicaV7BiPK9HCqwY', '5UGqDafnC0KwWjesg-1EH_d9IggqIRYK07ZjZSzeaaFblc0', 2.54, 6, 'Chavespeed', 3, 'IV'),
(294, '4T_IngLUp1JFmn1JpEwFPL9NLKImcCJrzI1cuRarRB2VGg', 'gjpmUaKgD2QfD58_fvwZYKITNzWLxgDHfswyVoCvyYAx44w', 1.78, 6, 'mortadeloyfileto', 3, 'IV'),
(295, 'G13vO3o46586z8t_0yT9Dom8sbvDVxS0q70kPAaJx8hFXlo', 'S1LmsRlBV_hOCqaD0d0EuIJB7fwOcTY2u3W3nEaq8Rfbv_U', 1.6, 6, 'minitemporal', 3, 'IV'),
(296, 'vxY_5zxQRUdxBQ6DMwqCxRuBLfCXDvn-URMgxtZW4xeKhvs', 'jfCkC70yk1Vd1eoddC-Mx_aaOWvDmqt0SmjomTki4xMO7D_F', 3.68, 5, 'hamakratose', 2, 'II'),
(297, '0f0d-hECMf69vHdikt-WfRFC0n43Jpk7T1l8rU1z1qCvUg', 'ca0s-p2vLKqg57xYdAsP0y0fCrBM1ppy6-oo9IXmYHGo5Sw', 2.06, 6, 'cromamba', 2, 'II'),
(298, 'yoaPxqyawk2V3nKjf2F6kAB9wbMRKHOjt83O0jBi1zfyMy8', 'lHngnN9mCBLNIJRnooIw0yOnCBGdwII0pUcrKmXqmBALzMg', 2.22, 5, 'selfiewi', 3, 'IV'),
(299, 'ZPsFRiaKdzumZYFnWvL2AH32IWoPgoI-hU2lBSItaUW_e_Y', 'iVSRln3lUVy-__Q9C30VhNrhpgv3naKAfEfPyjVlXC72ZDw', 2.47, 6, 'CrazyButFroceful', 2, 'II'),
(300, '6CLf6rmvkG9byhrkQIWpZnOGyfXTkhx5TXiKh2R0Ipzx9g', '2h2P-7nZw5OER7XXfPbv2xTBMmd3XAS0zb2T_RH0-Pp3esI', 3.63, 6, 'Azkaroxx', 3, 'III'),
(301, 'MK7ZMpsyAT-01fJ_UCRSWI6O7oZ7WF7JGquKXudjrpfnn1Y', 'H4jVbiXTjKvVOUZQDV697y2NiFYqDZzO_8tGDB1uuT1WJqw', 1.93, 6, 'victorrMM', 2, 'I'),
(302, 'B-FcX5-vUstQyNGkA0ASFXYRoS1sk6Ll0krl7nzOHkGKfG8', 'CwABF-uMTWWsJPJZPbUp-I_3pXyQHJ9HVatw6vINHN0aNj5x', 3.73, 6, 'RedOceanss', 3, 'III'),
(303, 'KSEBmtLknwRL4V4rX-JHrbkd1dp3sw3bcxUaAu84wL7RMxw', 'EBDsYqQ1PW7XwctD0ZF_DF1bNhhUVunhidPw3AU2IOg8by8-', 4.91, 6, 'laithiel5', 3, 'IV'),
(304, 'WPVgj6KIKsih2mk-l2vIkUDwbbR9qWTAqAfuWWNnPEVsqwA', 'q9oEkrxqfy_Wdpu0z-jxZ-VhiWUHOBpcs7_N3zBEfHGJ8AUw', 1.81, 5, 'saekaatrimees', 2, 'II'),
(305, 'LUlDHxUHunyg449-HEFMq_1C2qa9aMrF97nYFVYOsseQHP8', 'xrG46LGPtFNiG8lsuIXHvlAbNvwzSDnmywHiIpXA_2cnxOs', 3.7, 6, 'Banjoo3', 3, 'IV'),
(306, '8DLj4JUxBiTTbhqZU2fINFxgSn45mW2WwN2OBbSWMPeEuajO2cc2FDAu', 'sviVUNLcQcNwfnIwMQZLjDPD1vduKqkylOCc8In0-H5pDFJ8', 3.08, 6, 'LeopoIdine', 3, 'II'),
(307, 'cX2IAiAJwoH-PsxTugL0YEYOKbvmwP9JbXg2CbJuaKOw1rU', '0UdHHwlkJ1EQMvVFR8QvyIp37k1qAG4L3cXTAmMCAQ-rdZY', 1.71, 6, 'terenceD', 3, 'III'),
(308, 'wUz_TJExrdNWmHHI0fFxtq0NeGCoenOMoE55MJmfvCB9cew', 'B478R5O_ytJt8V71LHhneYvpHBgtSp5n_qeT-wyhGw1HvWE', 2.53, 6, 'longstrik', 3, 'IV'),
(309, 'ALwPteOEj_EEsnQH56OW-W0Lld3ExLSaXdQ86d4NvmYJ4g', 'fy9hSDsYptdQvMwQE3BkgDy_MJIH5A3pex3LQh0dQEmQrd0', 1.3, 6, 'Hades Return', 2, 'II'),
(310, '38Uhh7FJnh0NXQ3GXBEdjhRiTnZ_aS-6ycfDO9e5DSjBLwMRGovbj31O', 'wdHYoOth5AVzPjfcdS_ZcHxtACyV6sImD5VtaJiavjKsyCF3', 3.08, 6, 'PIKDRAGO', 3, 'IV'),
(311, '5LrZV44kLccpW1om2gou4y84hNPARe5lmi0O0dQ3PQqPow', 'dW39A1dH2fJLpK8gDJzZ_8dcXbarYoriVo1Mwg-8K5RbgTY', 2.94, 5, 'Mirkrin', 3, 'II'),
(312, 'WBe09XXEOWLqt6pK6lyuuIIuwBJwQq5oA9MGxVKqJJYewMw', 'X5fm7FjCgahNAdyhYHofuNn6YQDay4CohOgFe0EPVn_YFsw', 4.69, 6, 'JujuFraise67', 3, 'IV'),
(313, '70OR1OB5QhdNnC5ORWkRx446Qxw_6P8vcpSAySWDnpd1vA', 'WP7pWFgi3ZS17a0Tz7DBNz_H_BIzBUc_M12GAiKcf453FYw', 5.98, 6, 'IAmBoostedKappa', 3, 'III'),
(314, '2t6QHbJSVcWUH7sHYH5qkd13NJ0p6xqBA3a3tvpiaQvjEs4', 'Dw0xovQ8lhf0scIFYzhVi2Hkilu1bVPyH2Qb9bmYJAZmuLt7', 8.48, 5, 'NightHype', 3, 'III'),
(315, 'ERSXLnb5qLMBsmnUJJ4jEwP5sKL5evoR2JriX0fxZte4ww', 'MEJxU4KCbxhg-S13bAm_fuy07toKu9qCxxeTTm8zcGWvfYA', 4.96, 6, 'MasterMaster', 3, 'III'),
(316, 'O2XZN7gt6wQBVS9W7WS_b8NsZBJWn8iCa4rlC6q_NNF6cBk', '2VM_-ZJAqa7XVM7jT8uPPsgN-gBUBYC_mIgFLamgTT250bQ', 4.75, 6, 'Alistar Dz', 3, 'IV'),
(317, 'Pxg8f4qW5eZEXVXY8E7RXYb00sT-gh9Frp6pPPmyM7fdIx9Cd_s1Pgfq', 'iwhUnwV-v5NllXJJ1itcg51rcZZeDaaIVKk0i-B6idwLY9EI', 3.58, 6, 'youhOeffner', 3, 'III'),
(318, 'YZFBLDHiRWsuEkUyjFdyUP_83-rZ73z3FX16Y2_W_kRe0HE', 'IN3iLCU2HVDO3n9IHSCCNVaTt6ExsXZxII3X0ok0rYRKLgw', 3.21, 5, 'roy4404', 3, 'III'),
(319, '7_FmeCPKiPZdwLIxe5RKTymALlulugiCYO3iBXe7KGmTqFQ', 'k33dTJs76Pb5rklEJ1E13BMzy2IyRHtYfdjlBbB-MN6PCdI', 4.22, 5, 'Legions Candy', 2, 'II'),
(320, '9zEeTDkUU1JM83Z-BA4mlA07-YYFvl_PAstwMrH4DfNmrd8', 'ew71Huhp6RwkKemRQ2CTh-P5VV-y6j5pAwAbuk34-392WBk', 7.51, 5, 'l   Panda   l ', 4, 'IV'),
(321, 'yJf6MXay4T4N2yzCtLn69AcFQVDtJOwtiKCYkNmLxzXd-Yc', 'KT47ZLcupx2n8HdywS9muKIse-Uw_q_QUIuO0PzU0XFUEVA', 2.39, 5, 'Steph0710', 3, 'II'),
(322, 'OBuhiHyXMIp8cxHK46ikSFyKpPsktmPfoHC4Of4mXTydR3Y', 'yuvRPRaPUMx7FetrERCjcyO6HDdb7XpGE2K1U7v4IiXNfcI', 2.63, 6, 'Salvarios', 3, 'IV'),
(323, 'zDYlRc3AkwNT19MyD9GO7wVzd_S7FUm2pLplh-Etp140W7A', 'P1FoSpZwAeevDgb6zwuZ6x0HjofzsRH2Hv7PSrbeCvf4QHQ', 6.89, 6, 'Morgenstern689', 3, 'IV'),
(324, 'z7s9H-qji5EEnBPrzC6cBJTgiZNtEde3gm7ESJ2JoPMsqA', '7lzGGp8x60v0WPVlQyL09XJjV-4NBHvYACYQg1bIds711Tw', 7.43, 5, 'GaghielDK', 3, 'IV'),
(325, 'R1zFKTgOCbRCbEQ_eV6ghGisyVR4IMYbu13hPgjqu7ENVMw', '_qp2VRZQDGWFGBwhk41Ax_rZuLFW3HTipqYlb3ZSUEZxYzQ', 2.79, 6, 'XxX No One XxX', 4, 'IV'),
(326, 'A5pSDfVWQ5Z-ypaUUuNr1t7EN2zUrqHRO81rqsQ8k_5vwgc', '0nHxjiakMaFNcSs-0wJfbmUZOQcCOd7ZdmS6F3c-7TWNpYY', 6.62, 6, 'norvaldy', 3, 'III'),
(327, '-EbZEPIG_xgYzdRTWN6KtxCBPTNX5qENsXSmZ8R1Jl1RybQ', 'HBrNdVDaeZ73-OxpEO2vqOBLX0OdIR9rz8TcpMsniSjn7vE', 4.58, 6, 'YOP3', 3, 'III'),
(328, 'VPOGRp0Zf39XwdckX4RTEwhV-cO151UJkSq7KP3uXK1IFtgdhhI-qjnX', 'tU_LD_gdKUkyWjRM7w5aLA0_jhU9x8Dmbr8mJAfYY2h9LC1L', 5.91, 6, 'keloi456', 2, 'III'),
(329, 'nKfM2ux-ojeByAn5OXeRGQxTOOJY1ALs0yy_wQcFc3vsQwY', 'os06t8hLvW39zBBW9AyyknN18O1k4JppNHCTKhWMWjaCvZhj', 4.09, 6, 'LA6AM', 3, 'II'),
(330, 'nr35dh0qTe01aR0HT_m46E929X1FJwkF3JvT5gdIqb7jAA', 'i127PfrEl5itAE3JpiXmNJN1MYgIAT7uc0xXijN0U-BC2HQ', 3.74, 6, 'ReyChechin', 4, 'I'),
(331, 'beDDMon0NMEkPPo-7TrgrCmiIAYEMeUIav2UhTw2vzkb0o4', 'Fuu-BMSFp1MVZDwT3Tf9ZzLtRnmfP4X-FpGB-SGuRXmDdsM', 3.94, 6, 'shianax3', 2, 'II'),
(332, 'm2FdZcfWgx89oipfNJbSHBdn3o6jQZPuxZAx_JBv9d6oFPg', 'j145SZLox6x-Js13x5Bk0DYAX4Ovbi8-l1TysAvk5yHjFN8', 3.87, 7, 'ricardinhomaior', 2, 'I'),
(333, 'ioFCVQVJDTHq9ggBqgBHgH1YDg9z1fpfBWC3_Huepx7M6oQ', 'hIfVe2UxOYjW9pGs0Uxo7M9fh6hwCOgLVUFkevKxti_AXYw', 2.24, 6, 'brunovsky6', 2, 'II'),
(334, 'r099hAVvo2Cs1HcARaZSYrBPHGg0btyNtOkwpfh0pr5B-yk', '_iX8vH9o8u5MQswA9x1qWkYBM659MlAnrQY4L40tXDuZmFo', 1.37, 5, 'ràsèbàg', 2, 'III'),
(335, 'MKGzNsD21K4dBTbWh4882bx53U3qErj29q9-fUdUsRZ4Cw', 'B6SoxvoCfGsLEvZxx9vUBAXA6TU6ItVd2tcN3X4TEbYsrVQ', 2.24, 6, 'RamZes1st', 3, 'III'),
(336, '1sKxMd0oDGIbQ7y8-LjjuZMarLd_Z5-CcOi7CtCCRmy3rg', 'C5jVbJDyn9gTfz5Hs-cdmAHkBkVO1SPTUJgagZ0lunWZgOs', 3.36, 6, 'blanco Caballero', 3, 'II'),
(337, 'dUk7YhCl4lP9as8qUWMnmBGwcPlvXQ7yJUEzsypaSNxddYk', '4O_jY4L__SQBaUHmQCmNbkSY1YZcb9z2pfZSgvb31X4ktO8', 3.6, 5, 'StormFlame1', 3, 'III'),
(338, 'i9KP5cGl0Kn-okGZKmngDAc9dCq3mPTDBDHkw2MICKHWMdI', 'joaiJPrkcv5bbFZf7USFyYHajRy-oGzBOMROBjWDey0mMbg', 1.95, 5, 'Tolosa19', 3, 'IV'),
(339, 'dDRTr80d13yn4woTGNIpuZ4Tr6jq1VyltGfg-5BTfkqQ7Q', 'NqyZt1f1hisguR0C__nOdSJlHXGisAlSZZgzvhXMLd-G2C0', 1.92, 6, 'ajagh', 3, 'IV'),
(340, 'MSl24_ohwqvRV4ZV8jRlG8SXSDH49xA8Y-yhKwDnZbL7JcI', 'NLUp9T2TOGi1L1_aHuSddGB8dvpHBrTZI-Y6sNwMgSkiBuk', 0.92, 5, 'Dionas Eldr', 2, 'III'),
(341, 'Doqguwf3-DiDo7dN-Y9LFEGufi-mTbpUz6s5o43oag3BGw', 'Jo1k2sMnykWdI8MNkqIEgyKlVuEjZEsE6zkopvlCKlwIUgk', 4.01, 6, 'hEEEz', 3, 'IV'),
(342, 'bTxunXjbOTo7AVmJO7QDZwpjLVQ0f2oA4kQHlAGk3L2um3A', 'dgnhHivg84JMHkiqfxuAkpx5PXkjUfmKm1JGFSda_D_66VI', 3.2, 6, 'LoScati', 2, 'II'),
(343, 'ZZmZEWUuCm8r7qMy7UADKMbbRaAXUb6p29AJ50GBwUGfaH4', 'poXdGtqHMcM9pPuW-motzBUmKsZ7Xtt1p9-STa4_w3HuTNc', 3.04, 6, 'SiCiLiBrOs', 4, 'IV'),
(344, 'cvc6q9YL9lqnUHweybRejtsbNsj7k1P1NYYsrWKMArZVjw', 'fSnHbhrKOfFwrYW9m1vAMYz2ISpF3DZ2qSfHTy7iG41tchk', 3.16, 6, 'pl3x', 3, 'IV'),
(345, 'JnNZvZlDwSliPLDnwJs-eUhlcGH_vSpOqb5iCkyfBHoVwAg', 'AgCwVthZ8pQD_-7_szvAKjkpIHP59yc9FOwPgq4w5-HiRZw', 3.63, 6, 'xx96311', 3, 'I'),
(346, 'q356DyVOZMtSGzjHr-Ou0vTlGYN0DqRQ0J8K6IHBjNfruCc', 'qans2d3v3tK5l8uyZu9_K6ZPCrlnPuqVFewiKuD-fleRSWXA', 4.02, 6, 'Salokiiin', 3, 'III'),
(347, 'wAqp3LXdhG6ZD-hPT4QZ-g6uN0_jfWOv3187fz7itgSyhXg', 'JrypgCxVk2eP7liPehx5J6RYmmba6IvNs94OVnNnwPchs09k', 7.34, 6, 'NoAimExe', 3, 'III'),
(348, 'OaDfxnHJaD5YF_MOXm1-cGCl63UPA_hX3cFZhK1klqsJXZE', '4ZQjPpdvOjLQFc7S9Bp3T1nEv5K-7m-jtDIorsSuuJr_pQ4', 6.52, 5, 'Religious77', 3, 'IV'),
(349, 'NxLUtNH3yn12oG3CAEJQpU4qQ9_3Zt_sOM4yUNnFkYbBtZ4', 'QX1uQrRUBqZ4k5bNKcjmF0Ch71ZpNZ8itXUh_XtRDfchwe7Y', 3.11, 6, 'lasaco', 3, 'IV'),
(350, 'LifrFNxCuLRv9CPGb8TF7VsSu_JtRoR5tyeNAKnvMhbSLl8', 'UUD67guAWPrxUedp20kOZm6YLfySkydEMSuwIuktDax7inU', 3.85, 5, 'Fab97429', 3, 'I'),
(351, 'lIoSeMPKHyymYdkpEJb_JN6MXQYQIm6C7RAGFQdKGQC105s', 'rvjQAAxhR4Qtkm1_awSMMb4SmY5P71xBFE_VKc8Mz9cOcJc', 3.21, 5, 'CF Lordsilence', 3, 'I'),
(352, 'STvbwlHye_BEyGDSXVEeyfcmoHOisnII9KR-A75s6UlDgzdz1VYhSNEP', '90xT5VTUUkVF1ohSvjU3WKMgcgOhX8GthVqu-glWhPyGbeyf', 1.85, 6, 'hichma', 3, 'IV'),
(353, 'rmmnIBqtpvCf-piwB1nOJ71Z7Y-RPT791QwP6j2eE_5gNQ', '6GkbAY4xO3DpauPUXfk-OvtjYJP2hcigpVZXHeeo3ba1-hs', 11, 6, 'tokyotenchi', 3, 'III'),
(354, 'z79YrbhRj8dzcugGjcNe6DK4dkJ5HzqEbd3P0fY2A6UhmfU', 'UvZI8W7PaIA1yIHZ68LmLACR2jbQWA6XOafoyM8C0M5iKNQJ', 4.57, 6, 'JosuGTA', 3, 'III'),
(355, 'lV7HUoIyhslcOPKxAWi_3r9E8tIxTUwYF_9AeZJB278hJQ', 'ORYFrhVByBRXvwWOjSC1cg39XZtrwIZINXajfl2MH5peDj4', 6.54, 6, 'Pimperito', 3, 'III'),
(356, '6tazykJ2vBrDd0aSTiENotrDIukI6z4EJZHjc2QuYn82I5A', 'tnN_9bLztIqosM1j6jg1zCiHpTeDuBQMMexe4SUdPsNvmh1L', 3.45, 6, 'CarpaCannoniere', 3, 'II'),
(357, 'gPQ33k_ayvu0e9ORcL3qu1g-TQ73KwqzxyPl16Z1raAs1hE', 'GKDp0uP30GzzTdKWI8TDhdvYskabXfnmWFM4m6b1Me6_T9T8', 1.48, 5, 'MimicZer', 3, 'IV'),
(358, '-MP4I4yJvw-Pg0WaPNlDrqdqaSYvcmVoU3cLA5wc7u56bdU', 'uuurAInnOYun44byy_z1bBUpBjuJd91dvBN6bONpe192mN8', 3.4, 6, 'bastianSAN', 3, 'IV'),
(359, 'J-cgWY3Jmd2-s_kUWMh_F0MJcdIduCbpqvVBnhbFJRWVxmo', '4qj7KGaP75xK3RsIXPKIMCzof2MQv4A8m1PM2eYvRIdIoNQ', 5.6, 6, 'LetsAndi01', 3, 'II'),
(360, 'HprEGdy0vUzQnJhbNPkZ_Vqto0OjcNRBWH5q1Kh8iL-o85g', 'l8W4Xn04LwNF5MuICksrP9-7M-x2RfdwTbffMey1KChyskg', 6.5, 6, 'Niñato Con Barba', 3, 'IV'),
(361, 'xyB50maMs23uArzdgCUtnUm9uNg73cvLsMup3hk5zlFKcr8', '8zS8CA5xmZI2sFKMfqm7vW9-F6sWTzhtAu-41F1QstLmNjWb', 1.08, 6, 'IAmGettingBusted', 2, 'III');
INSERT INTO `player` (`idPlayer`, `accountId`, `summonerId`, `KDA`, `numMatches`, `name`, `leagueId`, `leagueRank`) VALUES
(362, 'kvmoJNKojEX-AP0CgOnnw37qM5v8SBKcUu2ioh6_4XNnjwg', 'bknggqW3raGZ2oXQXoLjftAHAeZiASNqY6fjNbc1vtooHHk', 1.26, 5, 'Nachutegui13', 3, 'IV'),
(363, '5ocThMOVn8oZRZD6SelhKq5kNjmFtTz5IBTXm-DD6ReKnlZyd4b4R9Ei', 'omcDe-CezfTqJOuuQ2-_tLABp_2wBJy4WykezKd2z_jt79Zu', 1.06, 5, 'Raztgriz', 2, 'III'),
(364, 'isWkCzHbD_eo_J1zDRxCB6bZGm6D2Bwv93NhxFJf5YviTg', '9e8GTjOmZEKS-QGLvkqfZQ1Gr7RjWbE1KSFvHiQ4kwtF-kE', 3.07, 6, 'Grimtel', 3, 'IV'),
(365, '0H-qVVQqm2e-vYr8gJRfxtoaIrrTP-Ctn9FNCW9JVAZZAQg', '7CTRtR4TCkBrrcb66DrNu_3culfnRt6eVRJyd8eORyOEgikp', 4.58, 5, 'Darkness Skills', 3, 'III'),
(366, 'fVR605UVCZaL9B_kXcohAMLqvRvAjRd3AkD84kxP7V7LUw', '7mBKpmOoJpJZUtA81RNmxjylttelMFpcW43bSXLiYbxxHxc', 3.45, 6, 'Byjams', 3, 'IV'),
(367, '0BaEWsIZ3NC7GF5geImBj-MCR72Nykg2fY7BDrWM_t1SyQ', 'yl2-I12_cZz6Mywtii5GimrlXcL5pW_jiXqW72mzuTSdRHw', 3.21, 5, 'Mienda', 2, 'II'),
(368, '7FQiEI-5-sNGeHm3Gan-u_ia453SjyT_GgLuoRN6HFPCnGw', '06FTB1X0vI_UzfBA1PzGlfej6wu2_hg3MDFdTX-Sr7pY_GQ', 3.59, 5, 'Ingl0rium', 2, 'II'),
(369, '9d-vam1zXy7fCZFKYqVKvgnIwhWgawngxwZ1M2fP6WHa-ww', 'tiNaU5pc4b41o0mltguFtCFxR0acrJkXLets9ESUPBU6AzNa', 2.22, 5, 'SkyForceAngel', 3, 'IV'),
(370, 'pcumgSoePhNHXl0hpLbLNLfr0Sp8S7p6Ep3KTDRSrP81Sbg', 'ZIBFGbMxdhsBo_-0saTRvDL7i8XpxRe_epl7wtIWCPnJJzc', 2.15, 6, 'sadif', 3, 'IV'),
(371, 'YPgqrkJdiPDm2xF9ddUUEVrbXpbS1BvFDjN_7TPvWMZMSS4', 'sxOsF0EzzuZ7bsnh_38-IMzfD68ryIE6bIhChIRCvH3H3VQ', 4.58, 5, 'master gora', 3, 'IV'),
(372, 'xgKb7qDls2U_dg4DjQTQ8UuuhkSXqLYnNyRiQ8iwXF9sz1I', 'gF4Z6zJwbN2ATZCx2yoxuH_MKYaR8exBqxNnOgvGHClQ2R4', 1.51, 6, 'tumauri', 3, 'IV'),
(373, '5TjHWe7zqD6r6eTSqSP0zmizRxwWmwRoPMNj-Flde_773w0', '-zkdaGcf0YtTTlwUPZ6p9n-DFqrX0_LRfKDBLBnldTDcDP8', 4.11, 5, 'natamasLD', 3, 'II'),
(374, 'QCXAFfwaUrys62HdVZDUPM3UNSIDsZIJFnBZ_k0dbUDr1GY', 'GCwOySnE54f-nF33ZBg7aJjvtLgL5yVtpJ36cgtq5fnoU0U', 3.7, 6, 'gnockman', 2, 'III'),
(375, 'k80dvo2KLutYTD5ybOpSZ-feJWZbfrGL6GlMIcTP3ucY_sI', 'huTHIb93HmdSPaaS2nPYuCqA0DoBr1Z17LmkhN3HM_X3uck', 2.52, 6, 'xTaiyo', 3, 'III'),
(376, 'l0l3_f9RsUOiH7fuQAl2hQ5JZ6Oyk25BKjjwyaokK2kNGes', 'mDiPT8BL6mOM_ZheB8HUuT5GR69tHmjTsTSUyKLBhMh3ano', 1.13, 5, 'SexualPony', 3, 'IV'),
(377, 'j_fSi1JM_LC8mpLezqxcIeLwgN5qIZ-n3j2R-eBIfHKZR3U', 'LbOK3qlQXO97316mO_LGXOIPv_nDFiTJ2tvUs272iwo-cpE', 1.92, 6, 'NotHuman420', 3, 'II'),
(378, 'JZ1eZtXJqd0HSaaCiL8ReE4s73szuRU1rB91NvG4jTkUxG5xMrgaNXuT', 'kVXjmN_2z96P9KIY6q4FPpnqrN4_gopH1udZB8HQuW5AQNE2', 1.11, 6, 'Miguebaso', 2, 'I'),
(379, 'CTyE49QBHxeA0rXbiKOABJN3xnaAnhS0Js82Zmv3fpDzB5E', 'MLyjwxivxT43-p9m5Xwyvu7u5owudnVD1TjRNZiLhTa3Z_w', 10.9, 6, 'PazuzuIsHere', 3, 'III'),
(380, 'VfjoopFM7ISstbA9auv_O3DSjwypB7ZSEmq5KCLZNWVAFZQ', 'D018AMrU9HdGuJs6wvEkbqoPMMITxytErAQ5zQCjUEklcIw', 2.4, 6, 'Fuchsbaue', 3, 'III'),
(381, 'X08HVDUISRUSKzJHaBoOLrjFBbRhkrElOvpJ9bDEzywvR40', '1ikKJlQs4odX5P7-6fFPbvKk_jBpZ_6MRA-xnS0iAUbX3QY', 1.39, 5, 'Syrakour', 2, 'III'),
(382, 'pRbFWdvq36I8ss6_YPVfipQlJpsGx3yRYaXlnKH-rXbRVSZr4nSCvom1', 'Ac-TDgewG2dZ0SSqIOrWmhO3ACG18U19R7WoMaahUg7utV4T', 4.51, 6, 'iBStanley', 3, 'I'),
(383, 'wzqetg5PQ5pJcWDCUqZyrCEciQ2pXgP8In9Dz3UkN_oPXoE', '-nkXgw_qUTYvLzk2zcjJBs7x3BU0EUVRFWIaZLIz7d4ShPI', 6.02, 6, 'TrippyNosso', 3, 'III'),
(384, '0JzQYpWWHTMcGFG8noxRZjxonLNFPY0nxXSREFhdXltvgQ', 'u1h74eI4aUbxJA_VBOZkDasxFgwBi-vzIVGeC2D1nNzE5e0', 3.11, 5, 'Angelows', 3, 'IV'),
(385, 'tWwD7IXhY6_khJk2bh-L3VSdpucEogu1Qume3vrZKuWX9Bz9wS6o4MXc', 'H1h6vgN9N2zAHinNrLsj6ivhqBIvkGpNJPx3gGza38uSCbNW', 2.52, 6, 'bosospro', 3, 'IV'),
(386, 'deK0D20qPErSjFmY2wHChO4yUJlm2W6hxr-1KHyNzgx7nEU', 'JbW62zSikiVBW08algZtTyt6Qts5iF25TqBBlTY46ZJKews', 1.84, 6, 'elconductor22', 3, 'III'),
(387, 'nYJUwiqocm-2lNBNby1A2Nfy2OAd16kw2X2O2fnZC8IPivk', 'YZLy0Uw39zJgMGQ3qLl41rd46_BieU30_NkPfWwDjqXK5rk', 1.61, 6, 'KoNcEpTiioN', 3, 'IV'),
(388, 'Z7ucVuUl8NpqZ_H2FxeH7J0gz3kGZ0iNAvGWUFG6zprVOYY', 'MnbiliY31d2_6p1GwlbmEU1LwaAy-mM8HeuntysAsHmqyKo', 5.01, 6, 'Ziiiins', 2, 'I'),
(389, 'lHgeQ_HSZmjwWSaAda7CtDY6WfR_Bth79lHIu248eFplvK0', 'YSJfCW-ShM7rTs_oQdD-rccwCQHfvnEh5Gb0Y8v8HE0MKn4', 1.17, 5, 'LordBadToo', 3, 'III'),
(390, 'iraijkLlRqi-uqR2ISU8Lc-FBugAo3HGsi1ahm2BnitElg', 'mKgCd2MIu33Z1zTS3q0iO3qzROaW9o2m_etvW0vgF26G6Bg', 4.25, 5, 'capeta69', 3, 'IV'),
(391, 'WuzayL8pV10rPSjeofxvEABXyvFVL_EagYHdrcCijII4zmgflnjocHkr', 'OVKDCeBHb9p-eLNXhMewCMQldQmPNc1TQfaCZXBDAQv1nvqO', 2.3, 6, 'NO PACOTE', 3, 'III'),
(392, 'mztHAWx8bDNV2ei_MtDgvaex38TWOhFtC6PzsLilBbCzpg', 'BZAWAmUAntS5ZJwyGgwbiTvXmDusLphbYdli9XEZBtRLb_M', 2.63, 6, 'koi midori', 3, 'III'),
(393, 'zjA7vdOXcLBLOiMCYaJXGYtIwIaleP2Vc8-F8e903DMMeus', 'wnu6WqzKDhmg9AIu7_-tZlpGY6RZ5lH3ID1JjrRZKAbWcws', 4.28, 6, 'Elder Oldman', 4, 'IV'),
(394, 'WI4B-JEtovKAFeZfUdkHT9o6rWjCnwL3bq8IAmoNeovnsUI', '4qTUnDnt3ExQIbADXw7cYd-Yw5hRqMlz0IgRugUJ9gpnDeI', 4.99, 5, 'Cherryskunk', 2, 'II'),
(395, 'R2Hi0cGqhihiWrzuD37srsOKxc75TR6QX0L9ug6wWgyIdJs', 'nkYou_iwjxgKFiTdnwNWuU4fJjsIv0278IuLdtekruM75Zc', 1.97, 6, 'RArmageDoom', 3, 'IV'),
(396, 'Vv7qSb4ooh8hws1LpiEpoijYGeN_BqXTui0TqUGTYUKqHPw', 'b_PgqKXiQMbmMD9gv4gR9ZuTVcAQr93XNQ-NcBE4EPZIhMc', 7.74, 6, 'Mr Iks', 3, 'III'),
(397, 'WiwJyjYMKEV92RF-HOjfuVIjVu2GDyK_IWZ6_N6mbB_v4g', 'b7_OrxKBY2vbV3gfPiXtA7X7q3S06EQ6iz08DrXPFAM0Sz4', 3.85, 5, 'Show Time PT', 2, 'I'),
(398, 'lYPwE2bRaI3VV84e6Ig2ho3Hqk8TOgMFuhDQ5JhUn1HsXg', 'eWC1xtlq2hwzfD_AuIkKoRKQyd3QOA9-hdPfZWi1gUBkzXA', 2.14, 6, 'PeJO Ta UM CALOR', 3, 'IV'),
(399, '1LG5fq7g1AEBNHYIB7Il2c6gi2zG-5ZpK0EA8merNRmiiU4', 'hJNBA5ANjxOlRdboNHx5fkoij-Xvz6K3gKN9C4L1EKgXNf8', 1.18, 5, 'adrianskatedie', 3, 'III'),
(400, 'cJVIbbkfWkQ1pG8vGzu5JLmjNKbfU0qXP3H4bjbBJOFD5r7haLALNBDR', 'v9tiyjgTGQkQaqHdpvmGWaIggBwo_0HPsvjm1XrLGT6PWSqn', 1.95, 5, 'Sberla79', 3, 'III'),
(401, '4_0vuA9TNxpX7wWezEoAE1-JaajxEax-UIEuhcGcsHJeylo', 'hGptoOqXvzH-jiiN3rq_wvivEK3lBdEJ3uWeMqQwS80Op-g', 5.42, 6, 'Khazeem', 3, 'III'),
(402, 'wLXrNtbpdWuE6LAI5rrjhkXhPE7ujfY9JZ0eJDPQPfZl6_M', '9NVdZiwd10LhnIjhVt8HZWFsx-86ZGSRGGkGnZGJancZ7uE', 1.64, 5, 'ClumsyCurator', 2, 'III'),
(403, 'O4uieYDrw-B6vgNDLVH7BpARyiejx1bcnAdcix8Uy1SWGCw', 'Qjr5M-WxOb_mMDJhtCggdV7pm7tFC4sih_nvxKWpzX1judY', 2.69, 5, 'cryhavok', 3, 'II'),
(404, 'CYfjIeB3xnlXtmgZDQO4Pm0IBURCWJ_C5qsCeh_4AwmFnw', 'qtgQO4KmBdDhrw_wA6RE1QDJM9Knf0JfiyHq_EmY9Ily56s', 3.34, 6, 'no ecuento nombe', 2, 'II'),
(405, '0fS1-HiMzJdVU7cp0InA_OqyPKXf3c46XdB5Ye2kEKp7I_U', 'SiAv6hKHgMOJ-mnfFFIUOa4X3zXmAaYDyccky1AFOLh8-hc', 3.2, 6, 'HaIIunke', 3, 'IV'),
(406, '60ogw4EKb8wYVBGeRYLDnpkRYqKiSVm_2ZBXSVAytzSl_cQYKW1q_9Jb', 'mP67NKdbxpZRvLBivdEjz3d4rHTFtj0S904JyD39U-8cwDJO', 1.32, 6, 'Hamma94', 3, 'IV'),
(407, 'WGxCu-H4WKTdFal9LLqKP-LaTiuszBz_-VPWHEq4DO3X0G8', '7R1_1N7IA9i8FngAUAEDzCshp6OLsoLe4rnAsT6xei2GMso', 1.91, 6, 'TheCrusherTomato', 3, 'III'),
(408, '7cBjMWquN65xH9EqgftHe3JCpuppj4DDCa9tYX1X-ZRHVZc', 'DkHbb5ZVbp2MATJRy4yHCT3FPS3EVdCUKwRFsXTr8Lu2OsA', 3.5, 5, 'DR4GUM', 3, 'II'),
(409, 'O8EIFwmVx-U1nOZFmtj4WLJzhO6RVW61CR2JewPl9n3oBAQ', 'StE4ZPuswmAmDnm46rHbAhggtGlumlpmTthgJYzVoqwyKR4', 3.44, 6, 'papitosabrosote', 2, 'III'),
(410, 'LuiT1LhtEIgQ0ihZmZCrK-4kXiL_Wg0OPupsaMy1-fygIA', 'D7RAeW3Ec2pc1IDzVfBAnxsMEfWyKzWCOuW1dVr_H89Ki40', 4.26, 6, 'ElNeneDelPerreo', 2, 'II'),
(411, '1tV8NXi_0k_4rIZhXSoE6zSa8Asr4qT3ndiDulHF4OTlmg', 'hWWHb7iQtZFBatkK_hdhDmdrZ7mgRoK-hs_vNLB5ZBRPAcg', 1.13, 6, 'alonna555', 2, 'III'),
(412, 'sQLsJStuG6EedCGLRT25kQJxevVcDVI5TafseahDzHWmqS8', 'cO_Clw15UZlC8zIqnRM3WP91dffH-dsYud3RfhEGVOjNpNQ', 1.58, 6, 'White Gh0st 2', 4, 'III'),
(413, 'sfXtC_ZE2-aei5bZZeKEfHPmCu48bRtJXoakyrBk_KkaiR4', 'LA_hxTp6ROnW_x4VE18UhbVbkU5ZPX9iDVHmZvq04MQng5PY', 2.13, 7, 'jsent', 3, 'II'),
(414, 'G-aIjBBTZwaGeFQA1TrvMkUVG-AyTZqR8Kk0WFTVpkorxQ', 'uJsuOjthfbk4Ugrdo-5ssY1euUSRGuxwBf9P_uENIyeXETY', 7.71, 6, 'Almightyveg', 2, 'I'),
(415, 'odMkPfSm9S16tEVvpgPznQM5saMrXEQHG5L3gGgkdOM9Ew', 'ApGuJAaysmlI9diY62I0voknUcDygKQSnLW3_brU8X4scV8', 1.23, 5, 'Worldcreater', 2, 'IV'),
(416, 'n6-B_r6WFNE__8NzVylD72iZtKpfcl85v-Tr5gMtVORi3dI', 'AaeMumNSF8aEx-78Qn9OEVHwJXa1Pu_Rh1BOyh6nbNCP8og', 1.92, 6, 'WifeOfLazy', 4, 'III'),
(417, 'mrMRJFqtCYdzoCtnaxNYCkQNxsIrpNkK6U0m3bX8IG5q2Zk', '7vEWcXdMTGz8pIFC0XiqAIUNb23rzYjr1ThTEvFMEffNpuo', 2.97, 6, 'ezegrede123', 2, 'II'),
(418, 'K7NNdDtQ8bdv4Y00swoexkrcw4BmM0GGKhpwuxvvr25hOQ', 'Ba5zX7_Y8Tw2vjqpF5HQ0hMCri3gxAKM3Uy7OYZsJb9P-KQ', 8.51, 6, 'VETEROK218', 2, 'I'),
(419, 'HfRyKq-u65ZRvFyNAoxR5j-qeQijs0qU66iXvUKMAM8vRA', 'HkcwiGHT6TSabW2ENba5Erbffo-Nksb62ewctId_bc-Y9uY', 3.35, 6, 'Appax', 3, 'III'),
(420, 'xhCD8gbmzc0H4jtXLARqMFR2hj8Aa25jpioy8aiEDauig2U', '66JATS7vZr4s9Ara2kykbuehEyJqCrZ1hLj5sviH-cud0Bk', 1.67, 6, 'luigi100', 2, 'II'),
(421, '0w46SUSG9X-lqIdq8v2w69rLCJv9URo2jXScSAdDTlH4Gtw', 'ITjpj7IPC51-ld3-SYJ4KKYjfefxCtk5pYJ4btanaBiIV4rh', 8.73, 7, '9CamperAnarchy9', 2, 'II'),
(422, 'EHdbz2ioR1j3MpBOiywHnVOtNQ02HuDOrRMQBRzZjUyLug', '30ibVbC4eXFgdPGDhOCgqkfhJ6_f_t0JhYUs8iZc0ADrVOcR', 5.9, 6, 'Wirrevild', 2, 'II'),
(423, 'xUksYnUkZAz0pIpKZWXgISPJMQKY51cHUGlyjqC-n8RsP8s', 'r-h09NX-AHFBHI83K2YKsmrNrWS3lwvbJepzUj6Nb2FMrso', 3.52, 6, 'evip', 3, 'IV'),
(424, 'qxNCZv0Q1HrD91ZMwcGotZh_WuELS6_rFoi3HXfkcoqh5g', 'ogWTjJBo2NzEZTHZYJN45SaP-2q3N2fZBF0JJvDyX-2PWAw', 3.97, 6, 'Ilwen', 3, 'IV'),
(425, '13lXmSBi-yaP1g6xOx4-MxyvVdC_uE9e3C60YcvV4j-cOcw', 'PbwOtzcazPz_uNc8lcoEq1FTfxKoSOGUU7QRlx4IKmyC7t-O', 10.54, 6, 'straker98', 2, 'I'),
(426, '6mwT9erU1DOdbOYZttGL2G6A17JMhm9rGyBZWN9uxc0ESy0', 'ssjQM9EeIxEtaUnxaH95YihrNjPpdU5UPcR6S_foTDJtq6c', 2.5, 6, 'sebol76', 2, 'III'),
(427, '9FTskMF2iwuTLpO53_G_GWH_z20gzE8O9mYPQI_ZJnUXwbo', 'XgQbkpFKtrPZ1g07rej_VCuKBS1GKJ9jjN3qw2IAmb7XM74', 4.67, 6, 'AJk0', 3, 'III'),
(428, 'wTZLHAeJHyHiylKKFYJvJ_2cx8Xfdy1FzSHTKYw2-7CKlOryZiQ4CqID', 'Hf5S25XD6V9KdvmWrtKKinNQOirMYbA1mGcTmpPR1aTjpkxZ', 7.32, 6, 'Artyom27', 3, 'II'),
(429, 'NUgDPpadJg7EhbQM5sgn_ph93kzD5QNu6cqsCVyuG1QACb4', 'csaY6dd6ip9RVWpy41Y5ayN6FfYOOa-w6pEQGHFh3zI-zAzM', 2.83, 6, 'Sharon9701', 2, 'III'),
(430, 'XF5TTUabM0gexCe8JrZoLrq7u09p4Ihhch7AFf2UnDu4Uw', 'wW1ybbfv_-YsnaDfKM2jWX0gMaLC4iRBbakZpPNi4ZN_2V4', 4, 5, 'KôXô', 2, 'II'),
(431, '4qruizY90MUBkxCI1zFEe2wEASoVpWh35u5mzUhKWHctdglLSqQqRbMs', 'm4rHMA9x6Z79IAtHZrLPPFebF8vdpeH6GLEYn4mFHeU3QQ6S', 2.75, 5, 'wwwtentation', 3, 'III'),
(432, 'gWUtTGX3WdrQBp3JdExqMVELSnrDFWLw9O7OnBTT3UKfXts', 'K36Tdtgh4mccD4sSdGdbJuWUl5Aq74QNvyhBbXmJHigbcmw', 3.53, 6, 'iTzPEKA', 3, 'III'),
(433, 'GrKICBzq7icEEEZgKjnZyYxXQTr5etTRYn8GZm-GZSjY8q8', 'HbQ3YN9xMbgIJkJZLSD1Yyo51snV0TNY2RMrfZwCHalMPwvJ', 4.91, 6, 'omarSF', 3, 'IV'),
(434, 'EktbxVOA2TTDMVu7iO1R05YZjxU39Rnx2J9Mf4arsAOv68k', 'otrDfF2NRvbsHAxFgsQUceNd20LYSNKCCkobgvdwssFubSRF', 2.51, 5, 'adriitugorees', 3, 'II'),
(435, 'LtL3y3_gbYPo0WT4Xowm52rUqfFLMN4Eh6aKLBnIt7v8tuk', '0u-2NmbE6mLsM_eTOvtGDecNXPOUlWpUhDSZ1a41zq5PTqSV', 6.45, 6, 'yaso7', 2, 'I'),
(436, 'VDg5LxpJ_A3n53kYxi4deS7nzwAj5VXNhDpFaRvugfVg3vCemhtuqODj', 'Ww3stGdEbSV_UgNyPeQdnlrtZDEn5_n2dkGrSEyRs0cP6hsI', 12.02, 6, 'Ferocious7Sloth', 2, 'I'),
(437, 'xe1_JGKkbuGVS5l39Z3kHvRIeoeUwGvN7odOixlU-eZCkKmU-04xLHqt', 'S0LB3bb4UdlwbFI7j19dHKpi35apTfur1is4nC_SujP5IBTo', 2.74, 6, 'Kur0ro4', 2, 'II'),
(438, 'Jn6J4DFaLaoOGx3w0jWJrD3CC97CiifibqXDc6iYIYn2RnE', 'KSHtOQY6IQIQB7EX52Cy68Or_n982z2DphSa2hXeJD0Ai1E', 4.96, 6, 'the legends66497', 2, 'II'),
(439, 'cWrg09xryZ6Knk2Z3jxGCs9X_wq8yUCDTkoXak8ulrwZTnw', 'UZaxjcd9O4BeZYzTWBWkqnsiqqiQQcOxrs4qyHJkDJDRzOA', 3.97, 6, 'kawaii potato22', 3, 'IV'),
(440, 'RbOFsRIwjxu_XKcfDcdARSk5wUdGYojC2cwwpWH6AFw86Q', '9xl3ld35oARposws4tA6Rcf-ZoB0W4e-sWRhbahXe-vimoI', 6.61, 6, 'O0O0O0O0O', 3, 'III'),
(441, 'm0bBuiNnci5Kq9QlbzblSqsYZfb-KJGmZEP2Y9gdJyYOfQg', 'wmXZ0z_P6Snm9DNBfsRFsQO19aLFG11nUOaDFwM2Idf8PKVc', 4.51, 6, 'ItzSquary', 3, 'IV'),
(442, 'RMFhQuaksv97tXRmMkTdhkUolrvlo5z_UjkRdnzjEBT8_jQ', 'kLgpyAmvud_C1OgWt55Z02yUdlW0l9XQeRC7b5-Xa6MJPtPU', 1.93, 6, 'allahu miep', 3, 'IV'),
(443, 'rsZG_XKwVSfG8UqzjvHmbw4PngYHcmQdVjmGnYqmosW_iYs', 'Rwpe88ng-pCWUfpnxzIVELvXgffvC1Gs52cnFkrYRoNCqSwu', 5.64, 6, '6ix A B Y 9ine', 4, 'III'),
(444, 'vZOCHRQ42bEyn-6_kQzDJvJ7SBCL22CmLwxN_drHHOESxQ', 'IZTYtRatwsUwvFAD5DcbQ1yqbkAkTTjs1kiBgBAhyd4XbV4', 3.2, 6, 'Chislam', 5, 'III'),
(445, '9jCH_C3_reV2zT7zeHef06TVGqPlNZMaV1b0Cj2rL8L7vg', 'IZRKUfg7gDDqojhNHCnabyjXUl6_AvURIddSwP-KGBj6uTU', 1.4, 5, 'Arcanyen', 2, 'I'),
(446, '_CsgcYsQvx5ui3BPEroQtzpohOlw_iPoEABMwkbiCSJ2Xho', 'GyoPbFc_NlqZbpYxYy-qZ95TAmyblr1E0Y5pTvApokGgWDA', 4.4, 6, 'Miketlv', 3, 'IV'),
(447, '9J-hr6t2YPVZBTPbuZjaso_NE_dnFFjCq7vjeUUF5RY9adk', 'M6N2EQ_Xact_x7noXuv9d5PDYX0oXOxgCebZlUwzysairOGo', 1.99, 6, 'x21xababa', 3, 'III'),
(448, 'RlQIr9oWhPr2fkScbYcOYJOmp0X0ISCpPU9LjN6eKwMqIBo', 'WyfU3SiOySmM7SCtUWskFAycmNHNIH9Qf4YiqPKQ14niOoY', 2.24, 6, 'M K MATADOR', 3, 'III'),
(449, '_RwHUG48_nNy-zI7CYyN4ep5nM2Vy38PmRaRRZOw59hxm7c', 'PBkszdvb52Jsqm4i3liIRwDK5PqeTYVKBv44uSOsBNMRe9rI', 3.64, 6, 'midfa3 lizar 2', 3, 'IV'),
(450, 'r62UKAaZX46rB_8YFsdTkuQbJXIqKJHhdQQBK8oeMIf9rSM', 'd_cI-AtOvPu_uc4ROx9Mjto11kI5Mgm1ENk9u16BT1clGlw', 1.75, 6, 'dali200', 2, 'III'),
(451, '2WAK1FEls8h1pa1Oun3qiC8BRrgzrM6f_XKwom_B3KE7s_s', 'jVeGfs8c_OgW3HFtOOW1Xg7zyRl-P9dpECyYXmQGgBMSzCVg', 1.29, 6, 'PhoenixKillsme', 2, 'I'),
(452, 'hBlPzW1AIa6v1Ng7FUWP96oYgVlOWUwRyBeiPwhGA5qapFk', 'sapub4TpZ33AzCamwU7ZmnK4-BU6I9hiKseTVxm1Drx86zM', 2.77, 5, 'akilise 21', 2, 'II'),
(453, 'nD1zzTWuwKlSbGwMg0EElV8WaJ3TQBLXJEAahEkA1fOI5A', 'IhA0x_IvVgZ31DPN2XQNNpLqWWokYDYI4okupCedhgQw7Yc', 3.81, 5, 'ballotemoi', 2, 'I'),
(454, 'cFA3RUyUZQ92X9Bi6nv4W1x_4hVkL1MMWn9EfG2GNFQbYpw', 'bRjyUDWrIOLjya3lj-q0F9yNuJvxn5TpMtlcx5P2KkyH6eU', 1.58, 6, 'Krilincete', 3, 'IV'),
(455, 'bLbU3nq4eQUteruBzxpUuTOOVyECcuUCKUK1L0jETVR3pkM4Sm5XSNos', '32dA_f-yxDV-NWeVRr9qzt_w6I6Uyj9f_JvUsEceWnZ-Vxyd', 2.97, 6, 'JagOchDinMamma69', 3, 'IV'),
(456, 'xRSiOG571jFU3GO_oNOQNnypJ3lLmBDR92Bxk1Ro4DISoUw', 'UzwjLJ6SXycmDyDh7ewA1GiDKDF5DUZlozGhXMZ7un15RMA', 1.69, 5, 'DomenechXXIX', 3, 'IV'),
(457, 'lvi_lOEiwT_ls3TfLDKiY6zE5iHSZFkpmK9jFmqayZpdtJlhhD1jA0ry', 'i1zViqFMT1c2hrHiaJxE0Ba_NtuGZjzxNrdWjmtkTcBc46oC', 1.82, 6, 'ahmedbek12', 3, 'II'),
(458, 'tFVbk9H14POFL5imKuhvqQOo6p-otCXH3x7DDcUu1D2rlXrDVPLtjOYF', 'kjDGkiUI2OyQkV3YCj_x6bqPySJW552ZXCY7AnKs98XTYw_8', 4.08, 6, 'YsN95H', 3, 'IV'),
(459, 'c3j8uiDCmDbd3kCFf6MEXSVoc1lq7PKW-2XkRCKK1oVxExw', '8FSSlioKqoOLPXrOZify8YcjjGHoNknjo3itwW0x8-FTnSc', 3.69, 5, 'Ð Yasuσ', 4, 'IV'),
(460, 'kLIo-jOr0WSyViFmPXBgyX8cQVM8Tpob5yR2F3-LTxh6zG5kzv26sRrC', '-h63cGnmlhnT-b662G-Mwm1yD8CqA1PoPeNjDvNB-wZcfGYk', 2.11, 6, 'HamzaBIT', 3, 'IV'),
(461, '8LQv83zRizCo6JhKcddJ-8bg07vL3zku07_qzvb_m--EAg', 'Ls7xKey6EDLTbYJ-5uhfiqACJMZI_8QbMkPwOBLd4ITkYDg', 1.92, 6, 'tazerino', 3, 'IV'),
(462, 'p2rkTctH7axpR2RS_wPvxxnShY1sCJiN8iKGzi1nYGT_lg', '7ZAOMylW5QedilVZckykGr6EdFUS7tWo34EYHdU0HD0Qbw0', 1.98, 5, 'PickledChode', 3, 'IV'),
(463, '3mWecxcPXvn4IBN9QFWuzHsK6Z0A4lxSulSlXXWHxKTxA9U', 'BF0MZVEnx_DuzjWEPIq5zJqOwTdPztnI0b6aUbgW1-SqvSY', 1.84, 5, 'tayxkun', 3, 'II'),
(464, 'TVBmIpjz852N9bQ0fQrQ6ubtd7jXEUGS94zoxTSzs0bmeos', 'SOSiUU7wSaz2S55yAyLAi-vI_x7WJ0Id8Qk5yl7Efp-_P8kC', 2.94, 5, 'vVvJennivVv', 3, 'IV'),
(465, '8-AkgytdocdWzO8cGwx-nfflYknR3-fdW4ydBFTuKhCrv7A', '-lLEweHrMG4B9Wi5iZ69U4Y1zvICPxQteq9g-fK4a9IL_PHM', 6.12, 6, 'BluSk1N', 3, 'II'),
(466, 'bWLHbU5A-IsUptnQOTqU15L_VdzURFhGbA7SjqekJSyYq5s', 'UXpac-1GcoT7fS8N0UO8KmHP6q0-W6o7ty_GTFmy4oEaPEs', 2.3, 6, 'Yarl NarNarh', 3, 'III'),
(467, 'qQOxiZ9qSzW0Q7qW120h2_LZHfxa3U7QnQ6JesBi9utgNRE', 'isE4uVSnkGLqKsW5RuMvUn-d5-sfIfU_zV_l-Ho1Mzz6-w0', 5.66, 5, 'zezo1986', 2, 'III'),
(468, 'GpKtCmpSju0UNDcvbd7Mz0Zd92GcG187jwjhISnQ04nnTqc', 'pCfIoVFLYsIm9U9NGC0XHcrv4v6kZpkMiHRoe97WGFgnnrY_', 4.82, 6, 'hen na hanashi', 3, 'IV'),
(469, 'FqahoB53POu3Mb6kHejWmPzL16el1PzNOEqWrMGVUjymuS4', 'Sskwk0fwO-NWhrYFQrm71sQva2Gx615MoFhqs1hrTUTt7Op1', 3.09, 6, 'Reukra', 3, 'III'),
(470, 'YuHMNnQ958FVAzUBNOn7z85VGzEaa8h9bxuSgLA3Np5B9kU', 'imuyAwXXwSufbnCGQI72Auemm9YFBAkPArVXF_wc1-LPS7o', 1.26, 6, 'xKbooMx', 3, 'IV'),
(471, 'sP4j_qw3wJYXkeWv2773UNwYoMP9qkb6O_bLxDB7rymW6w', 'CqRUqL7CaX1-a6QGjsyT_8S2jSXduRNN9MT2pyXKUc7MWLA', 1.4, 6, 'lexios', 3, 'III'),
(472, '0qbok0m_Uz8N0Yt7isMTH0dtCyQqKPk_fAVDC3ACF6MnS9I', 'wlUIJcn8256HIDp47Qubon6l-8ekPbyUGpUC5qcvrpOshqU', 1.89, 6, 'Bigapplerock', 2, 'II'),
(473, 'Y-ZiptW9H4TiDl2ZlGv6m1yJ86zbBf1UBFbzLMX9fjbHrjg', 'xefhhpfqC7EOvXIvHl2wYqKzE42xWzzaj32z0GVSbUxSNimR', 2.3, 6, 'Asmodheus34', 3, 'IV'),
(474, 'iHtCtgoaVl17iyNtp9bUcOydRBoFv0mHUjhfFCtc5ssDJW8', 'Qa9nbN3xIAgSGlspbyCjqGEEg_LjaaFPUxjYtKmu6K_8YAc', 3.03, 6, 'mabeel', 3, 'IV'),
(475, 'Zc5xHxgBvgFE-HlaWExYkLGb_1YL1E3gWyiO48NOfULQ9g', 'BY1PvuXibk6eqxkMPRWllCDbp3wh8RMRwozP9d4InhzatSk', 1.62, 5, 'JayyJOo', 3, 'III'),
(476, 'YdtyzJBzoG-2zIrqsHBr5y9wWrzEcUD8FTv7xkbVQyqYmBM', 'kddV1HCc2vVwPo2AvQ_ob69aOroosvWLfdSqwA-MRtQsyHc', 1.54, 6, 'Gregory III', 2, 'III'),
(477, 'qsmSJBh0qiaX5TCab2dCQPPcS-wR9wKzGbzmnIcdq5xh6Qg', 'Dxw1a92jhN4BG3PvS_1I-WGGEdH79-fWqGv717ZX3ooqPns', 4.39, 6, 'nkYs14', 2, 'I'),
(478, 'zIiqYCtu3YBEH62heqO1DzQfGZ4ebRwMhS52ZiYi5Jto1Q', 'WLawIArOKc6m_AWXmr-YypOEX2KNN1rrJPdkhVfAC7XHMjA', 3.13, 6, 'AsNiceAsPie', 3, 'III'),
(479, '1webssWD0Jz3Gu4mXzUvDH99OfL-8B6Zc4AOudBTD0NUGcE', 'XjVwzqxc5FmNq1-Uu1qD8U8us-UT4ejydSbPGWnFJMPZeCk', 1.9, 6, 'Thorgreds', 3, 'III'),
(480, 'KBwvR_raa8oY0GzwfieMov5rU1rwpuHHNUrhcMjA1IKZueg', 'EQT8ZPhEurtQJLilaRsIOHjzP59FvAOKkq6I5s76F-VW1Bxy', 4.98, 6, 'Progaming9890', 3, 'II'),
(481, 'YZf_f16koT5DgF6TchPDIHPHQiPou5z16ScWH28j0jz3TVI', 'Wpx8xLqaw_UQc11qC3ro47A5R_r7ZVwBs2rUecPzuqPDeG8', 1.87, 6, 'AmatsuKS', 4, 'IV'),
(482, 'hjYtDQ_7jQhUnSdyNs2rRE63jiApNX6WOOAB9aO-ttfnF9c', 'XJRIOlctqeLWGAcKzhQi45_oh9LAky7CFME2hY-N-LQLQZc_', 3.34, 6, 'Da Fat Seal', 4, 'IV'),
(483, 'B6whucMdfQ-IX3mbvnYxUowPDi8GHvpt-18i4H-ttarn2w', 'FZRNfk5x9FBRsoqQrbzmmJQa0BgOBCwPz0NcaDJfNjfS1i8', 2.11, 6, 'Biniam99', 3, 'III'),
(484, 'ZVhuLPoCJRSGlvV8NPj-IJGFsJlNUZNheBUpg3JG8rIoCk0', 'UCXppzUC_gQbwmRm-XSYWE307jvrAjw-K7QkqgRe2koP5nw', 1.75, 6, 'Agumonx', 3, 'II'),
(485, '4QRX5B67lWPiPNMAhHp6VAs3Nc1r_IZuYpb8FU6ju4BkmA', 'nQaYNQW4HWzRff4GVjqXbgQOxd3KFp1MUgiRxc0PTxEZmeI', 1.46, 6, 'NGK ECLIPSE NGK', 3, 'IV'),
(486, '93_gx6OUxFKt50YwqDilD2aY7Iis2jodk-7NeLmuK4NUisE', '7UEQC29F7XZXH-3fmu3pxHM1SNGFwLUqSw0d1UZzPn8gi8Q', 1.55, 6, 'Brodocaster', 2, 'II'),
(487, 'HPniZ3nIRvv1tII9UCSe-IQ8zyKl1Bhqf7JGiOSK1AirTh8', 'V5vHHdSDISHpK-GXZ6f2V6RcAtrrYmhQnh_XnmlipT6t-mE', 4.95, 6, 'PapaAnders', 3, 'IV'),
(488, 'bnql0k08Y0aJeF04nygBWnogwwrY1YW529OJ4y2d7R-L2c8', 'VO3azigKfv8scPf50qaHy7HuxxqWC7yMnMNDJgrf-ihqln4', 7.95, 6, 'Hickacou', 3, 'III'),
(489, 'jfqdQJD14p6l6LCe7FrfLcHTUoRXVSwBf9btfSv-XKyNF6M', 'v7hdYOT3lszUjLKI62bKxB3wByhcPJa9Wy-X6rogeCaLEJY', 3.87, 5, 'DocNUkE', 2, 'II'),
(490, 'pfQl7X1yhvTAw8hm-NGjiz0ZejHrAUf5pKMGJ1B_IsKlY_4', 'nthiXfcG-FSblrwbcPQ6VOWq6kbvovqAslAM4eAeIYHH4Ps', 2.92, 5, 'mattarius', 3, 'IV'),
(491, '2q13DcFj35Iu45JbwE5T6Wwg6_bS_1fvlTxwJIRYJAvAHyPKCkZllRt7', 'tmkZzHOw9hCHo6bxftSGP_qdHSWtS5FDNI7beZkFJvR-C_nb', 4.19, 6, 'maxmatin', 2, 'I'),
(492, '4r43N3DHWnVGjHIgT4NH-_sPhqoIEulXWH_6Ot0orqaWs3E', 'VhcxrgynHBWQwOggO8fFcvWM23OGl1-bEfQojk-VDkcagnIT', 3.01, 6, 'ChamiZero', 3, 'III'),
(493, 'osWTuaOtRKgr_0bHdmVZiySxYMANyeqo3WCeeh6IUziybKE', 'mIZ_xB0GvUtMmVf_ipK7uwklaxaPER2IGJOkQNa-XP1BNYc', 4.98, 6, 'AimSteyz', 3, 'III'),
(494, 'q6gEJyAfQEeYfGZgKEcW3dk3q-dJAJdPaIUm8_Rduo62eYI', 'v3jQwk--c_lHRPUSl7E7M4ZWRLAtMLZWYN0aaIg75yQjF2Y', 6.34, 5, 'iTz Naui', 2, 'I'),
(495, '_3UdbXGrWen4q0FR-a8UK5zp_jkZImIk7XGBCRFPKiYjQl4', 'tqY0yZNPvFhvqUK7iV79TfAwIPtNnTVum5gwfBdH4U8WALzQ', 6.7, 5, 'El Alcaparrón', 3, 'IV'),
(496, 'n71rU-RV6QPc6zxPdCDFZ3c4yJWTk8PPpiJN0E_jHkpo6g', 'YS-4iJlZhfVQytKtAD9luHGU3T8sbpJtV-1DWrIyATwX4p8', 2.04, 6, 'Linup', 3, 'IV'),
(497, '23PmFxFLg89tdcewP76OTMHqzPcql2ddboRSROGCa88Ndwo', 'Ya5EcQXZXUeItHQ9eULIpQgf4GG219GttQFYII3dRnVw_0Hz', 2, 6, 'Deadshot1204', 3, 'II'),
(498, 'Lcrt_1b7cgrJ2CnrWhi0pj3nVmSBeXxfdFmqOOdjHlGiiwY', 'sMVhjS6DAOWftpWtewLEzC1YtgxsrvYw4ClhNJKqF9tFucQ', 3.35, 6, 'justinio13', 3, 'III'),
(499, '9mWYBUZg95SioFsAHy1mu9A8os78O3iwUZ2_zpUdpWGbuGc', 'e5hAT_53SJKNH2ZiFP5aqIiwELkp9DcpXfbsO57aUBZ4nql2', 1.38, 7, 'MiDowwx', 3, 'III'),
(500, '_uzMcfC7wT4FN8jHmTYChiEXyA9dmRgesQeVX973qtqoc2k', 'jHKDXm56P-CkJbCL-4AIxp0UgHImheSB1Y0iDbVXMuYWdIw', 1.72, 5, 'cocosh91', 3, 'IV'),
(501, 'ns-2SbaTAoy8dHd82tYhwOxfGP0vSXQYxtXBUkmAJcJSEZQ', '1CprxLhCyxxI6alwzjchBdhN1_mh6xxt3KAyr52SzCJLgthU', 2.22, 6, 'RackGarog', 2, 'I'),
(502, 'Oip7RWYoW5pYoY6fPMDtgYv_oMdOOHiyG7_zlbIbj4h5Yrc', 'pbWxC4iv9_GWWbKwwCaTGkuFPdNOXC3mxCaSog-e1m17u_g', 9.37, 6, 'KingMeen', 3, 'II'),
(503, '-A6i55IDTy0rjH_NEgUHTvl7Ql1vKPmfO_pUzUxjJ9ShAvKOs2eYzQ0d', 'ZE76eohxIFd32SXb_GNmyKK3zhxJ8682fw4NobIPaGN0GrNP', 2.22, 6, 'EverydayAmumu', 2, 'I'),
(504, 'ehcB5JMHyhfV-FOYG_EUIUWCRW72tfC632K-ssnp2SjS_AFehpFV9RS5', '2jTbdqsmENXa-HVeTCdq2Ry7_5IAYw61fzCYi9KCmAtqda8F', 2.71, 6, 'meidell05', 2, 'I'),
(505, 'aEOhPVsXty4c2JsZRGBwmXjxmZIVJbn7K3XwPdeZo3BByIFNFPKvB9A2', 'Hg_q4Yt5HxB2V9bwTfuY9VCgL8mLdV8bi2IfIZdIz3CygxH6', 3.42, 6, 'YBS499', 3, 'IV'),
(506, 'KPKKSCeE7WDbgjtUphqiJX8_EJrvrx53f2sWm04jV_oNeSQ', 'HWdhAwoh2FUr3OvNVvTPdU6y9mWjMJb7-KSnnL6FZG-vuUFV', 6.36, 6, 'MarshmallowVI', 3, 'III'),
(507, 'DdnV36zxKAuHlB3BQFMWQdnnKqt8eYmHqKuhPwrn7pC9CPmteu1M5Sc9', 'm1tx_binNUUHIdbVKhm9szQekzC-Fq7RGrF2ZoUWD8zt6CQY', 2.61, 6, 'seifbarouagui', 2, 'I'),
(508, '7eJ7IKrYwaUE2lzQlsIEyriOOX3SupviC2OdPcM7ewxRoIE', 'xklGOQbxmCYcu_QAT5LW1EZyiSVwrJGzF9ayays0zE9L9hk', 2.71, 5, 'BLLIZARDSEAN', 3, 'IV'),
(509, 'rKE-KSCmcNDj-x_cAmZ_1RkAy5fhnYuDnf-1oyfKPydPFpU', 'AQJo5KzJY3Em5SMijcRjJ6jNrmeX4DNctUFIMBFHKOx3-gs', 4.66, 6, 'Arbator27', 3, 'III'),
(510, 'n91gXxbsyQp2aMEX9umnNyjD-oHFe9jXDze4oQI11c7lEp8', 'Fs1N_UuvPNEBP1xQ_mZ4EiKebf-8cagffL06aN58TCCrB9Y', 6.42, 6, 'Squizophrenyc', 3, 'III'),
(511, 'uVyq4azJaAFcToKKrcpF3JlajF5dcjn_4InpSsl07oenPg8', '1bZhYD2xVQe4DNgT-9ojtkJnFHKS9XK2m07aLTyNUm0XWBAY', 3.71, 5, 'Lima715', 2, 'I'),
(512, 'umUwnf79PMfe4xMzElnwsSYoXMGNrCo4fvb4Xl_qdLwPfKU', 'EU2hMMkwQVBxPVib49pozKCDVV9BXLfPFQIf2adyJ3DyxmA', 4.08, 6, '4LW1N', 3, 'IV'),
(513, '_kuAzGDqTqdQaR9e24MUWSnXqTLN8dH8UKshz_2CbTtRk3B7qSR5ANC0', 'DddGFnBAT73AIsbF_q_PmuGVWQ3zPc75TUpMYAHfRpc_L3Z9', 2.69, 6, 'Kyuuby07', 2, 'II'),
(514, '5WHuMEUJdyvL7qR5a7Mq-nIfYuAYye6aoN_dDr8lpkyWccI', 'M0-6wgGTIARSvJ6XrjADu9URMMOT5pMOsv9jRJqGDVgJ1axz', 2.58, 5, 'LaLeyendadeRito', 3, 'II'),
(515, '_-Jv8ZMvHv4O1P4_eEffy-nEykFWHPZ49mgSZbAT2mAnDBo', 'U0g7y0vJmkxR5wEeWDtTwyuJe2v7zuKFd_jouvJ4eiQDHBcg', 6.31, 6, 'ExpOuRs', 3, 'III'),
(516, 'Xw8aSE8wSBvJdwH8F94xHYqEm0xKlDMhf3VXald36WqlQOs', 'swRjqZrkLaPPmNIjJlvUBFSOXjZfxGHswARMRSHFeHxMdhY', 2.54, 6, 'I AM fakin drank', 3, 'IV'),
(517, 'VPak6bONriJQqRXMaXMs3y2t5snunO7kRnsvuO_Xqmwhewg', 'Px8AgYcWAZSAT3cNWKoVlYloZ--Q6te0VuC8QO5VwIH9UXY', 1.94, 6, 'Carniveas', 3, 'IV'),
(518, 'T1CfFbEwXvNh0FDILI6-ujyNwm9q_YTvP304locEClfxhg', '5hCYfo8wYN2vdRFZ7WKcQYjE8-P7uIQQeGi1uSX1zsS2bKk', 1.74, 5, 'Zkizzik', 3, 'IV'),
(519, 'kJD4BcmAuiWacwDLTTf131PmaqoV-w7SiJi4ZVUbuugdF4c', 'RBHkac9CGBDGLM5KCbFvLowX3sXgrZPv4p2EQud3kxrLG00', 3.52, 6, 'ojociego', 2, 'III'),
(520, 'pfLWHzRsDyvHqdhOthl4VBNwcrIhLincNxmU5k5GFn10Fxk', 'rm9G-djf8_kdw9Lg6XuLadrn8rVdqyC7KEVLJ6xC_vd5VoA', 2.42, 6, 'Etoile Féline', 3, 'I'),
(521, 'GV0pyXxgdw5HyPyE2w-1k7r75UhQ_4qDNLq7OXTUTXeWOb0', 'NEGj9lkpoQXRjCsVWDn75WS6wcqpiE5ADwJMx1i6SZJwbEo', 2.61, 6, 'Cosmosx', 4, 'IV'),
(522, 'LzQuJpzOXKPjpN2a8hh-aDgz-V_Fqn-xMgBkXv1Kr1UBTvk', 'WwD5A-_geRvBzjftLtwmWGhTkrQn3ce3v9VVLW-vdXYQJs0', 3.55, 6, 'Sanguinaiire', 2, 'II'),
(523, 'GqGgo15UeP54XoKZBN6_ivyNhwUeTpzoBK0BnSiLm2ny3aU', 'Fu01UYDUia2KbJw50AKIgIy0p-H3Ige9OLkFElSu2oO8NOY', 1.71, 6, 'Furby67', 3, 'III'),
(524, '0NhF6au0YeEnOXDNY3rXzdeJZLXOco4Gmfevxd3atOlOltg', 'JGod3nKanszpSxhLhZRDDcVCr-2IDi7tRCLN-lsftSmyDkE', 1.74, 5, 'vitusuarez', 2, 'II'),
(525, '-NKCfiB2Y8RrXq0WdmO-k6juvf37mxQsx1QQxI0wnTYk-fI', 'dSepBu-qx6fUByC0glCWcKRsdSB_NjWJsYeOq4TEzPxuRfBp', 1.72, 5, 'SleepeyVape ', 3, 'IV'),
(526, 'LBM5HTs9RbPGnwm24VFUeN56iFPqXlmPw84DBzQr8mItAaPYgj62x2mE', '_5RPQg93nlalm8DrBC_1a85EpR9S77VpcCvzeNrdDQr-arQW', 4.73, 5, 'Lyndwin', 4, 'IV'),
(527, 'wpUagZSryUZeFPUBBK9UbFt8ol-Zn2Sooaan0gtpjI4TcwI', 'YGPZWO5SUCGTr16qlM1PLtP47F8XiRE8IRqWnP8q8xcp9-M', 1.93, 6, 'Wladi93', 3, 'III'),
(528, 'GjSy3w4F_A3MQpjiwZmwO8hsU7AGHM-lliuoJEDThdht9w', 'G8A7ZKBdixR7axStWIZTzoTeep_jzJQdbTkXtDHkJgTCZ44', 2.73, 5, 'Grotesquery', 2, 'II'),
(529, 'A7k6-3pL9iA_ipY1VaDaJN7W0Yb4-R1z-21Xk_i8EhQst-0', 'gT_yG-efmswTlEBHQZUVhKVoQiT0n1L75vlZe8rCQ3okRLE', 1.73, 6, 'MarCB64', 3, 'IV'),
(530, '4oGWFlPmzGYCwTmnGzBh89N0j1VWy_eAcC1yiHI_igcD0ns', 'Q0MIwITactw-f4AdxTfgv-ncUiWLvj1eAf8H7kXON32nMH0', 1.51, 6, 'lasiodora96', 3, 'III'),
(531, 'JbtF3e90WH4hYFRU-cSFAaj5H4E7-EXfwzwX6iljkbQ5GmM', 'H__cPI8Cr6W2CGFzqP20t4NPIhnu-nCk4tn1tAEwYGvMOrby', 10.35, 5, 'Aikaramelos', 3, 'II'),
(532, 'HXMUqFO-YQTRz2NzPMu65CpdQ4S20icjvFwfPoSgKwsFZdE', 'jmnR6uIpjbpve_3fa4aX6Pbtt5afGObWJl56v8XFR5XT6X4', 2.11, 6, 'iWatchaa', 3, 'I'),
(533, 'KCGTgPZdgN8OjJy-fqdISJQSzhWS0IDwaMIgLLcxnnaV4dM', 'rMNqW2ogyzdfMTh6LkhJP8mTWUakTxnVBKlbJZ0mqWNg5mY', 3.44, 7, 'Dylite', 2, 'II'),
(534, '_PZmwhKADqaA3825AUXv9xlQhFPnnjfB7ROZi7HjNtEbUQo', 'VoZl2nvqazVonFrL_haO75ogAD5xgI9Gax7PM8O8YYK4XUY', 6.62, 6, 'Anubyx56', 2, 'III'),
(535, '2j5TzLyF7kMOIE7VZ2MkLnZEaBWxkyM2AzcztDBGccmcuuA', '6_wqtQH81j_269GzDESfTBZHnC5_FS0J6YSENdFfw9qtfTo', 3.11, 6, 'Skryymoww', 2, 'I'),
(536, 'pW52qC_87y99B7yzqaT817VINGV53C5P-dNTKbc2PbfnMw', 'u76CFHveqUVujr2wDZXHkY--yupzJl8RyCG8no6R2l0uzGE', 1.66, 5, 'Silitus', 2, 'II'),
(537, 'p6cTi5erL73kdogco26UG-YXfPmxeZ6ZBTPGzymIxTrGfGY', '2vW_xr9UFxMVSG0tBvUDOd4mud2TrrQNsRzrCYmUWKkIcHA', 2.15, 6, '123xx', 2, 'II'),
(538, '-DM1sg42-dHvl6doKD6lWczUkffq1XF8_oKAAi8FhyNRG5U', 'DHB2DPnjLsv1yXIE-wpQQRYd881ksks-xYercPMKLZGhTCCD', 4.26, 7, 'chawkiett', 4, 'IV'),
(539, '9fUhi-flNe0_GacYqkfaRyF5mhJc6AOLUudXgsvnWq8dfw', 'rW7ND3wW-gFNLtEsnWZ_msCc05gO-CJ8rY9X7rJBsiPAOSM', 5.5, 6, 'Eiira', 3, 'III'),
(540, 'JzKwQCIb1SMRmAzDb8Mo8EJZJvNEom5K-SCngx7J7ZOYd1s', 'OQxV1WNsUid9xbszPAKvE1b8h5OKO1BBdlJIHLQS8YxkrBE', 3.51, 6, 'superkay22', 2, 'I'),
(541, 'n_yWAF_zVr42TcZiT1rRHV1bnnXdEpzHHTxordoj0S1UF2s', 'eKKlkAjulSF5xiP-6_oRmtD1mIv7KkNeQtAAv5xXy8KFjz66', 5.31, 6, 'Er Lippi', 3, 'II'),
(542, 'NgpEZEsBx-TKxaYpUy0VwlxZS-_27jiKLdKTlUdbkpQUUq0', 'mZ4bYR8P3lqDWGH40DRpkBo5Ry_jWRlZ0qW7gLpapgAZPP8', 4.45, 6, 'greenlantern4141', 2, 'III'),
(543, 'Y4zVbjKo507jzBkBl6-kvyNgJA6BW5b4vvqvO7j0pUVvKLa7AMi_5qkS', 'TXzyPSdhRiZtiS9I1BlIf0jmyro_ruUSzrCbeOgwP6FflBz4', 6.16, 6, 'NoXoN1', 3, 'I'),
(544, 'MH-y2PKS0fXI5wMvf-dpPC56L39KQbxpdeHX4u0TcL6dSFM', 'SlLz5EBCG7AvoQPfj18uAML1LwLWqhO4VW1WZXLNVAx8OIc', 1.96, 6, 'lucivaryaso', 2, 'IV'),
(545, 'ziiLIrxfgUyxyActeK8v5KnAq7NRqbi2iqe72s2ypD0KZnM', '7eoPn4_xgJG4qfztoUagM2Ouw9yfh-77GaFOQ2vq0l4pBHuu', 4.14, 6, 'Striker422', 3, 'IV'),
(546, 'DTD7PoQ91AsVaAe9wcxUsEGzpLLG_zj-6kplAxzKrll57gk', 'mFc0yvlCDE_5YLaLDOIvg34lNRAhAW8YK3JlYwqiChwVEYw', 6.3, 7, 'MacL0ud', 4, 'IV'),
(547, '0vuA5TOM20Na0V1rsnqRyPLfPKWVl8_r3VV2NPBeNE5PCEHRkGOC2-kK', 'MTQ-7-GyA0Eua4URyL1k1b2KXJGA5z8DHdkqm0WaM9XH1l4W', 2.75, 6, 'ImProX999', 4, 'III'),
(548, 'h8LnpHHsm1S25rJ32gbTly6PCX3gpdh-mcIjq7LeYfqiclM', 'nm8jf_OxV4NplGoAiDTCk-7AffzMx2ZtQT1ERoZHuHG4p9U', 1.65, 6, 'Bulgarianplays', 2, 'I'),
(549, 'st3tlozCAutkzM_c8FXBt-z8uBuD2IKeVMtczXJp7haV6UU', '28lPNquyLRIcoZnVTQzXydn1-TDv7srivK6Ao8nfX3jVcPHp', 4.09, 5, '8mhm8', 3, 'III'),
(550, '1AptWxwIrcQM46drM9VGT_oDKWepd2PQdkV7ykC11toaLk8', '8ezQAbPtVOMrWFsSNBJC5OI52E7tN500QIwvakahIcFJtM0', 2.88, 7, 'awaax99', 2, 'III'),
(551, 'TEnQYTwlg5OgDm7mUVghhVBU8Oy-MBepCrEFyjpIGtXf5XCimW_O3C-2', '1p-6Y5AEcs5uT7hJmP_wUerpfWQZJbOilAvttFdRUaVbgT7G', 6.04, 5, 'sharick123', 3, 'I'),
(552, 'GZtixtb3FoK_fisvUJSkB-c2aPXA4PHxnbc7ecLmbOw0cw', 'u_rHvrnrk2OQqVnoC1fn0w74lhmxvCy-mL8_ouy98_BJUDs', 6.19, 6, 'kulthan4', 2, 'II'),
(553, 'c33Ng1Go4BMCjBb0oB-OoMXdUwUZ55ADJHCR9zVwGMTBSoY', '9u9hf189CSKf4PzpCLpb-TvOP9UHXvEXITE-oMuZP4DO_ig', 6.99, 7, 'Centollo24 ', 3, 'I'),
(554, 'eI2G0NPyhkUTSgyOFdE6tbTUtNeHCF78pZMQyZw_s05Y8MfjTouEddwg', 'C17qxHEcoCjVRuapjqEq4eashojAhvlzykHWD4llxwagVGQt', 3.68, 6, 'ii1Tonsi', 3, 'IV'),
(555, 'aoQbAaQWc1vSDLhZlLp1CJets_E2148QHfpOrivOkLlCzIw', '1zscs8n1I5NvPEkN1ML9tpsALjIgNH0X-c5_Yj8prpexmlw', 2.84, 6, 'Apocalyptíc', 4, 'IV'),
(556, '2RrkUZZJRj5lu-z703QsYxw4HsnSYfDsYSXSoAiBTQ7exf8', '3OFH1qXyqdu-xtCDnmWdkfgwR-ZIDn96Ev-pBGrAwZ2lg0SU', 3.63, 6, 'Elj0oKer', 3, 'I'),
(557, 'rnOBtYC6IpBjhcm0B-quwuPFuPuzifx3LquOozmVDw7L6c8', 'lnAgfYCivwUElwRLlVdTGb-fCC4YwVVCAqVXIjTlluzTrl4', 1.72, 6, 'JonasHelix', 3, 'III'),
(558, 'YW9oqe-Glrn_afsb6O28XfOP1INP4a8jNVkUOb7pYjLcZT4', '0UHnRDYFWnVi5rzbqmmbISjwb5CrlCJNw6JxMViBzrD_dFY', 1.69, 6, 'INV PABL0O0', 4, 'II'),
(559, '4oUnJ9rywVZS_wbgEr-UcRi9WMqoqpDY4WFsZCMcwrRUkYY', 'g700GDwdC12VSSSDGqeTtTObz6t_CWuCeshdNF_7Li67y3Vt', 2.5, 5, 'Achilloungo', 3, 'II'),
(560, '07BCOgVk9WUI3EnXRk-alemHTNeE2lSHZFpFhI17PSaCwLI', 'EIn3NwM7BbqtMidK6aAjPhkfN2KNPMYdmmOl2leTTbroUpmm', 1.48, 6, 'lost480', 3, 'IV'),
(561, 'cJgZABmYSD0CigDIZbS4fBE9foniCq0W_74w3HZcrtsxuQI', 'wP8da04YqqJml2p84yRSDH2uzLieOqnPLH6aiYlkGsRkfvw', 8.2, 6, 'mywaytothedawn', 4, 'III'),
(562, '_2RgjDegkuRz0V6lgjYdb2wHV24ZFw1ckusK3gGu37ZmyRA', 'laLKHbqhMp2GRnhavrwUJaRhstnCAKbMevou0pxLWNPHM1cz', 7.94, 6, 'Tørvik', 5, 'III'),
(563, 'aKnrAWgFt1_NTLKN3VL5-lSKB3tk5K2owMhe0WDZ6jihIfk', 'sQLds4Vz14unxNF5jfg4WB9Xr3OIMo0_DzYTwuHEWTJZr-M', 2.61, 6, 'Liwalm', 4, 'II'),
(564, '1uLXZTSX6R_11Ft1xs3QoJZN3A8bDuuSuZm8oOVzp0MsWN1rvoPzj5c1', 'QTxzuJUJOOxKiBg02n0am3zIsfhfXgiQH4owOGgRMapBasZ8', 0.92, 6, 'oOG3n0c1d3Oo', 2, 'III'),
(565, 'fOPN8QCVqytSJAqiJqxUCRGwTkxEXbdXLR4adwXkGmYA8VQ', 'KC1f382x449MohrGfKecaryEyFOL_glvrBjcmxD2G9gAbU_o', 2.59, 5, 'xMTTHSx', 3, 'III'),
(566, 'SZGQuSkBg-nVJ3TqgryZ4-QEo9Vd2yGiQOJFey7pVsyLxS8', 'RkQ5DkoVVQSobdgTakatmwvO22xVIrc7A-jmoxR3YpLRtZY', 3.99, 6, 'WASD25', 3, 'IV'),
(567, 'zltBPu-MJSXfXwzHBgTdawmSe_IHIKB5pBfqgJsrlBkLXpAwO8qFs811', 'BTrrSRoGWrZWJS84CkiVAGxXq-KiOQK6vXxA1zermzA9LoK4', 5.27, 6, 'JCALAFAT', 3, 'IV'),
(568, 'AvSTCIKzNp0BshXbpuBWPM40V_MtuRLuJf9jLYBky8kk3Q', 'ewohsPNuahZMgBLrTE6yzWCgiyoG1LZxfLtpQYlHtNc-JWA', 3.75, 6, 'Sticlomaxx', 3, 'IV'),
(569, 'D4t729e_IamC-AyYrj3Nhtu6QRPlt-Q5v8F0XAzyYRGgtg', 'r2k3eqSCwBwejpy5TjRF5kQwmEe6dDg7e1R_nUsHFLOYUk4', 7.73, 6, 'RauLzinhU', 3, 'III'),
(570, 'XJircHlT1qsRPKHEmz5rZkovgG5xDPfZocLiaGgftqX-5VqyHICnBGOr', 'BNbO0vr8hYjfdqjXezZD1QIVFsHYr1jNyKYJ1_xKksXP1LmV', 7.23, 6, 'dav1dmc030703', 3, 'IV'),
(571, '3IBpqA9QjgtL7TDM2bgPjfzLR1WEN7OS5mqJk-HpVM649Eg', 'dO5Me8BrGMeOWQwkp3ukhhg5kioONbrZx9-2lcMeaIP8qAw', 1.49, 6, 'Jarny357', 3, 'IV'),
(572, '4Dk2JdTVIq1lrNHZWnVJb_aO_9Kn5cih8b16OZ_mhCkygVc', 'E6eFmqw7TtFOXvOWL_fSULxC85hzcAhYG_OdA5DgHDU4CXo', 4.76, 6, 'Orvarson', 3, 'I'),
(573, 'a3YV1RI_kG9ILmhy7dLAsfh6tsa7I2Ht6DpKLxANrtwHgP0', 'OCVA57gKqaPADfcQHFFUAag-HY4tal0FptR35Bz-0zt1-Nc', 1.73, 6, 'SchitcrafteR', 3, 'IV'),
(574, 'AG-kCsuNtBSHc7f0rv156KLYTUMMMuD0arTHBHfnrcYJNUs', 'cVo0PWTnlUY5BltQG-d5Q9Edu0z_XVDP6gIRVRNajJ5JDTc', 2.69, 5, 'Arès1203', 3, 'II'),
(575, 'pYtDkci0M-X3qmpChTConbeKVMGGRLvFx1YG_fBnitGeNGI', 'x2Zr7JI7PEWmkZT09TmLuttUpyoGxjCQO3NUdicqj7m4ulA', 5.24, 6, 'KiiliZockT', 3, 'II'),
(576, '2v6tkO0f7gMEJxasYmcM5C0cTUyerx0txx96GhlP0pq-PjQ', '0Jr5xqwGclxz4R_NsMzeaos7dT-NRDU9cZVV7z0OJGNYtSk', 5.7, 6, 'majorsuicide', 2, 'II'),
(577, '7vXlEomhqVehV88yOtarIdAJyvG8HEnrmQvscmm7Rveosfk', '30kmqEWOhn77FrVeR0CcJeeBYV3it_XMoPSuIe2_ez9rNoI', 4.26, 6, 'Sannduko', 2, 'I'),
(578, 'ZGJv7WXDlvkDjSawPKNtmvGMJhTFqkYVdn5mTB7RTz_nDws', 'fZ7nzoDid4M0Q6GVuXZA-217Yer3k-sGVIl_NBfEsk56XYw', 1.2, 6, 'Iñiguez133', 3, 'III'),
(579, '3rA3VnopfAOxKX43Z4IMPoG596uddG0anuSDRPSV78_w4PI', 'kPNlSOF96s05oqb6ePYfxk6MeVYXT50-c8u60N3Kl5Ad7K4', 2.88, 6, 'oAREKo', 3, 'IV'),
(580, 'gVOilgpH1f1FgtJDOSkeea5lYbVl99lQfotMUIbDTLKsv4gi2tDfdkJ2', 'UdlulMwJnoKuudzdi5c0IZESIvO0dUo5etP_rTiwrHnSy5T1', 3.08, 6, 'khalilcr', 3, 'IV'),
(581, 'wq4URCysE36fQMdxxOA_kc8-OETMW_4wjpMrJ75_Efqztbs', 'BH5goI5Mc-hkGd8-VpYEmqlTck4CZiwjyHS7SSRCbm6dw78', 3, 6, 'ironPinocchio', 3, 'III'),
(582, '-6kzN9lnMVp8sN092or8xy3KVN-BAbcrM-4sKaReos9W5W8', 'GIL66_TlXaGtnURYrNyM_bs4JXY0tz0YTK43NqKfEM6Clp8', 2.83, 6, 'ShadowKhaZixxy', 3, 'IV'),
(583, 'Tap21SQpSzUGdSWuDLgMBVgy3pkoU3NFSXrc3ULxphYFyxY', 'K4xXC_QFs0d3KXU5qdxajMLy3eQkK-y3M2LpaSyGZ6W0E_Y', 3.91, 6, 'AcSucZan', 3, 'III'),
(584, 'tmpbOe7mk0ewEKTxMKcD8szG2_o8N5EyNKXWW00Ucc2ZCTveEIYmGQ7A', 'CVU_va9wIiRcWRo8kmnRBH9w_fc-IkSp7ZsMJ705b5GsPqgA', 2.5, 6, 'NotTheMainX', 3, 'IV'),
(585, 'qj7TTEeRJ4pXfWOESDAAqtflCgytS_PfxAbPoqxiez0WjH8', 'H3u5hbnxyHp1lroHAcytk5CeUBAriMhZRfX52WqtvePwjiM', 1.95, 6, 'dps0shadow', 3, 'IV'),
(586, '2EuY1bXVa9OiIFLtlhyRqVRAsu-C7M1p8t6jFHEt949gFcc', 'USzcTovhsV-jXvpH64RWTT0x-tGLGLw-4SQ9tBeiCMN7zQI', 1.72, 5, 'Vampie1', 3, 'IV'),
(587, '07lj22DWEW-Zdmp4hRjybsNGl-k6y-4TyTXOVxYtxTRzMTU', 'AYE2w28p9KPzkQ_ojyiYEsiazRDUxABvmriMCesfEi0MPfA', 1.8, 5, 'Rosa di ghiaccio', 3, 'IV'),
(588, '4CPC8KRFiniL5VovwC7onKYT3YFTZr2cfqAweqtvOH3uIuI', 'G14QOfZjV64XNoo1vqNaoUmC7Ci7Cxi6_Ehr_fqNHQxqa2U', 4.5, 6, 'Ipazia85', 3, 'IV'),
(589, '7hBQ2-uDiUxDoxrp-Rm-7Twk_HdKpClgmXI9bLdxjaqJ_aQ', '85mMrwHuiZIZ3UnQA92rM2o7_dOBUPoW-ZeFT3mkvyE8Mv0', 5.28, 5, 'Taigua', 3, 'I'),
(590, 'mOIawK0SBqN7YP7XDUVncG-0Goj3NiMtJdUy9zP5VJBBg0Q', 'PJW5CJMJOGW7HGCsr_TbY5DtcMJAtptQCIQfVCxrCtkXwEA', 2.1, 6, 'Thezebe', 3, 'IV'),
(591, 'FY9MFefNHOFyF88yZQeHvtof9AOCCAFvFKauWiCoWzvWIeA', '-A5M9DRlCV5diS0hr_Xy3wOStlnLDEaDt9kak7LNbjTDn_M', 1.74, 6, 'ferasalhesa', 3, 'IV'),
(592, 'LAfGlNl7hAXuKwQlcausVyAIGgoAjsI-RtKz4NVAstsKO-n2hDAZCKXm', 'PAaLsbNobGrL5MHTI_vXm-JxEu5z9JLHGIRrELnQVWJSBMjx', 1.7, 6, 'DrunkPlayer96', 3, 'IV'),
(593, 'cngubT4txL5ryVt6-lpQzs8NfqgF3rYmriuFlZO402uLAV8', '1CTwX9ArSUmdV0vfxVJY-eoR0Dq6y3qIugsYni6mQ0i_8kI', 1.81, 6, 'PetitGouDa', 2, 'II'),
(594, 'VZxiRnZsCN-IEM91ZWRPSghBudkTjeS-yscPG5gYBWhGJg', 'TX45IPksHsS015GjglLqsKSQ6yLlolFVnqYxzRcDIoQkGBU', 4.98, 6, 'Pomba Dourada', 3, 'II'),
(595, 'NCWe0Iax7IdRUGSLT5Fh0oIWmXUEQieqMVr8NNfshj-XyHdyMNGD4tY_', 'ajtITk0k0byMQ5qql4kmgnwyCLsNK8-uZHPDgkwr21JFnJp6', 5.85, 6, 'deeppoison', 3, 'III'),
(596, 'VDdPim6e-E5Xh1awMECHaFPW4pPL9l9u_AJPe_vcBlVwR3c', 'Ra74M9AxBJfmhglqbexOd3KDv43rsaqEJ8jF5YrUHF3hBhY', 2.03, 6, 'Merlineiser', 2, 'I'),
(597, 'y_ygZwuOCgxu_3ZJKzsH4V3DfVZE7LtlQRCVcbkzDXt7SvlaKSW9iQos', '2LtFy6Omc0EOi05Z47EsMBMDoOTGCJBs2i-3xZ4QoAB5xCaC', 1.54, 6, 'evyatarIL', 3, 'III'),
(598, 'sAJi0nKpSHLQTAztdY7L3GxA92cLnR-btqFWr7a6IFD1IOE', '8miQRC1MFAHpYJz8Lilp1s3juQZzZ6WmUYUpPA9m6uzwfY4', 1.31, 6, 'kaosreborn', 3, 'IV'),
(599, 'Y_Gw7VFUPUfxiHew17P0IqUd86vLkCaqfJO6mTfYCDNEcB0M9tYzcnRO', 'fj2iQLBDBTUhmRHmbtXfNBT6Mrt7SZHHczrseV6Sa_CtShfC', 3.15, 6, 'Tentaclehuger', 3, 'IV'),
(600, 'XVc-vAgJOG9yHaCy5QOYqq5iMLypVvIT-kainA0EITOe2T8', '8ta_ZC6VLb9-yiISL7sG2uG2l2gghSOZl1PsDbbz8eXYrzo', 3.92, 6, 'davideric', 2, 'II'),
(601, 'vcxpPgsMXtpH6_NpfTxiNJ9LQ7BEVW25sYchAX3-k1hXpQ', 'zxcu7EdTAjp3fiQU8acdGspPwmBIjax1fbeTVTQDMirRydI', 4, 6, 'gripan', 3, 'II'),
(602, 'A2X74pqfexgBjDWmvptWeOoOsSGpmSmKrYHq8Y-4AUwHeQ', 'FG0jX4gID9cAY9RXI9Bc3ObW0RLRwpLpUJoKDWbljgHz2Xc', 2.86, 6, 'Grizbear', 3, 'III'),
(603, 'YGf9ZoQGXbLmlGT5OfOU_YCetHhAV3fSv8qsHvpIHND21edc0JBFg_Iz', 'mIdyjAmUC8g6Fm-DNCGoR0rgOAXZaw3OP42oM1BumbAMWtsh', 1.62, 5, 'xunaix57', 2, 'II'),
(604, '7ofB5UsHppCXX9nmPzpPwiLzbf4Ec04gmGGk3zFLv-QBrfM', 'nxcboBuNJcvgXDHbwma3rRpxPqL84p-rlxlJ2wIc8MmbEU8', 1.38, 5, 'azizxq89', 2, 'II'),
(605, 'JMhv9n5faLux8ed4ezv-w3wIYEn17aU6D7ulBTdwYGK54Lc', '5RC-wfDMQqxzWPC42iQPDLcSrctsQzKgAV2AXVX6JWXL3Sl2', 2.64, 6, 'meteetira', 2, 'II'),
(606, 'jgsvUCLVR8xbjjbKYfsdOtaIY8_lfZY-AAH9UCEJFGdYWHM', 'pVaEE7K6G3Rypwn3QCEbLauzTaS2BLZiJArhh0iQiNvz0aI', 4.23, 6, 'Braksha', 2, 'I'),
(607, 'zpJR90kAeOP2iNckcySrwpPcBfzxzBLz0eC2AJyr4RJP8kY', 'iVFzE6QABDe5l9ccyVJcKtDb-7EjiS7U4VyIrAO4oE4WXmI', 6.55, 6, 'You Deserve It', 2, 'I'),
(608, 'e-pgh4Ub7ahe7GxtB9wnkkN3fJazFSztqnF6qMTV5EkTTLA', '6tfr8eIuENsywLf6W7vdCYAqc5INmktEQvka2yUMpnIpo2hG', 2.99, 6, 'ilymtd', 4, 'III'),
(609, 'RoAVMaC8oONWp64L76u1iDvRRxVxahACCWU1k3lkY-V_e3c', 'YkuXIhIHcRYJm3oypXpBEdh4ijKg56Y-CMsEFj6gm-UuG5lv', 4.12, 6, 'Hcoraco', 3, 'II'),
(610, 'WLKIQSxmgtURgrCgkPt-jjkjKyGgOuyIP2qixKTmS7wUYFw', 'R6nn7oaWkUN2JATRPIM5x7uzVQT_s0qxu2k_bI8K7Rq1yf8', 3.27, 6, 'Mhellon', 4, 'IV'),
(611, 'HhHJf3mUIvJUhNTNtIQe4VWtk-KpQyoo6lcOGQ8KH0bDBg', 'nZGSgiPd01ck96dcNM68XpGfiQSqZHMYp9bJ2fT4sio9Cv4', 9.24, 6, 'shinikami1', 4, 'III'),
(612, 'Yx0ksdHUxrFChckASLHQVdxt1VrviIPy9zXpOgDkvlj_ghQ', 'MfDWw_HePwPI0bOJjSxLFQG_m8AxDuKN3Qw2cmSzS5XFNIo', 6.14, 7, 'guabix23', 3, 'II'),
(613, 'NZ2oivEnfQ77mtiY4sd0DPG0vtnoHvKxKEZfY-uCZpSPSW7EdcNKo8Kp', '2Ur6Yz0PSJhjYAp-1rrO3_u4cCiuiNWJfAem7uaq8b7GvDYg', 3.03, 6, 'yourfriendlygab', 3, 'III'),
(614, 'qNOyngWdnwatePRxUe6ZX4blmPuISRJ7itYjsR79isinZzE', 'KmfkiOnHVgh8K1jpjweEa9kybFkC_VtS-FndcOJmC6wegZo', 2.08, 6, 'INDYWIDUALNY111', 3, 'IV'),
(615, 'yc_cu2AZgv1H8BNdHznmw9eZl6hU5DRUUoXbjDqN8IuI7CE', 'bBmJeWHnLhjkQ04ZuYGxDd5i40NZF6-DAnwkiz9euqkluTCv', 2.8, 6, 'imàt', 4, 'IV'),
(616, '7tuP0SVuqSCnNR7ooxyPuyQZc4Hdnp8EdS1QTrsKPfKhUvY', 'kkhglRMxZIgXmrZufWDTYREUOyUyWEfFzaA9QHru58DRxKQ', 2.24, 6, 'thechampionoooo', 3, 'IV'),
(617, 'zkjHv0TnBV7B4K4opkien3IggBjfe3PGau-gKZMJ2c2cubI', 'otGP_nXDcgONDVgdVCtTo9oi-0E9emvMloE6LteXqNp_eGI', 11.45, 6, 'F0rev3r Al0n3', 2, 'II'),
(618, 'XfOPUmWLszy19NyB21sNNo78a_ypAhol4fP4WfExWzsrWI0', 'dQqzddE0_lEeTZLvX4lMm9b1gljugSeoLbRBvl5lzJgDn30', 3.45, 8, 'Gabler', 3, 'IV'),
(619, 'K9jrODsImAUOz356sAc1WJoEeK1sekPE3lt_SanOeEjwpAI', 'NaUdQ4CJc5Pby3JMSNHlYFKmy_W4XNXjA8qBD5Gtx9-O0AA', 4.12, 6, 'Sra Fatetifua', 3, 'IV'),
(620, 'ZrQXu32fwjMUBbvN6-t1Srg4KmuxMDkh56xZ45tIAwvYx7P1mtPB7UmI', 'kHpA6FS8A5YuNuqZ5NeD7KI5wnGAnQlX0iDM8NhJJCUoXEIN', 1.71, 6, 'frizkay29', 2, 'III'),
(621, 'dcmO1Il_WPHhBJERnzUhGalUPHXMDjkncE8f-9F0_qnz0rJZgNgKj6t0', 'kemkGkqIwLgo25EQpF8GgJMeTsCS8YZE7mbUCivaI7iODuvV', 2.73, 5, 'ParrotSL', 3, 'IV'),
(622, 'kToWZYoH3hndZ4akq-WoQmtsA032wGY7wU8tL0dtMk2_8wg', '0yFoIa-hrt9-c70k3-cwSSkPkdVfeRQOu_gqlcybxCR_nQw', 3.4, 6, 'elsenossarsa95', 3, 'III'),
(623, 'AlAGeEATzgr0UhYLa8BIHFAQIa2mwG1CWI1vo4xDkibVehlN8D4dbVKe', 'ylWIwRc6p0LwR_r3bQ8uLmuZJ056tNUTosFN8SfiZruJKfmO', 3.06, 6, 'Arssenik', 4, 'IV'),
(624, 'I2qCfaQlU7v13V3Ta8eicgeLdVJ5_WtswYkAOeh812I4b0y5HNiXfvWy', '9U2WngbRDtEdgId912UgxMoSdMF1deLPSFEld0W5AXffsoVn', 3.69, 8, 'VCPUPILO', 2, 'II'),
(625, 'nwZSQD7W44Cc9MF88k0w7OzZic_r6xiRWRpsms8c225pJQ8', 'nPkbgCTRk-4_bpjP887V3GBYlyvVI7dU3zBZ3WGhvwKySA0', 3.66, 6, 'DiscoveryMans', 7, 'III'),
(626, '6K1IqPq7sOSOA_nJ4sGo-jpxhD_yWEA3ffG2Rb4WmbO2ZpM', 'BdApTsz-H23qytXCP0jhW4kFfuqyPaUSjCkoHGlHNzbFM6Mc', 1.29, 6, 'Ominous Fate', 4, 'IV'),
(627, 'kWyzI16Ri50Gnufss0dfaOy8oNWjgGIXercbDJDO_etZzK8', 'mH6W8SByLAYtbK6EDwPa_xzsYny7OLRRiYThqcdBFwr6i7k', 4.57, 5, 'cykablyat47', 3, 'III'),
(628, 'MtrL2nW7pIzU4pUnYB9tdtuaS3kj69yfpwVkMGUdZpWzKbVkC7R97ws2', 'VJP0tV2JinYIJyupWZBJaDSbClsiNModE1l62botC24hSc25', 3.25, 6, 'executivelime7', 3, 'IV'),
(629, 'j4dX8Tdo8ggkp38BF2_d-1QNvD0G4KdzS61WQtyHvx9zKNs', '3YI5cIWSTXwwD3oPBVAngVqpw5ecbyMXn-91xiX3fUzx5RXd', 2.14, 6, 'qMonkeyDLuffy', 3, 'IV'),
(630, 'jAZohIabEMlHHcBE-3aYcgmL0TeMEdmjUADrXl40rl74ZUw', 'TmQ-h3d_qANpTef65ax9H8uBZsLPfulgkJUBk8P97uyYVyU', 2.16, 6, 'huzor62', 4, 'III'),
(631, 'TPWIFLJfEGJz-dsW7bE3eUBnG0OR6XLyzOvDOc3gPGufNaE', 'IT6fh1XekmPY-yJ3iWbfsAZ-zGeZ2_WXvx03TFD_rAqr1fM', 4.31, 5, 'AvonGaming', 3, 'II'),
(632, 'SvZuvmhzXtETGlZ8DDk3OfWjX356hkLjS2TGpehgup0_aqc', 'x8yIxhFpPNAMaKPHMs22Vww2mApNwQBeK-X_VjoVEpHV48U', 3.25, 6, 'Alexandra1986', 3, 'IV'),
(633, 'Wm1rzNqo2mTrWST5HBZjzNFUAHDX99ZtPTRWjexErBwb_g', 'B6Z6NnUIe0aJ6HvP9qfgftZFx8AT-p3NdqntW2N71OfTSeY', 1.47, 6, 'xxxWLGhostxxx', 3, 'IV'),
(634, 'JrUMvb84i37Il-67IfvA2sLIAvsMO76hLXKZAqgeV_MDyEo', '8dJ2NAkf7JHPB17_f7LoEVWjMNX3efJ3FfVEKOR4YaT9k_WR', 6.71, 6, 'SKT T1 JohnMirra', 3, 'IV'),
(635, 'm-pwB6J5Qpn8sPFu-XoLb2HSR_nN83zt4QeR8SZOZdlDdbU', 'd7YEt4kJj3Ly5TC9mEhCJb0RoQouSBMmR3d6_JfObxATfF4', 1.43, 6, 'NGlucasp33', 2, 'III'),
(636, 'NhYy-ja8VyyBZAT6e_qJchSHEfpBi117AxIRIg_-trXihOA', 'tp-mXOBViLUO0CfKkbbt5tvG2CXM1Ks2jOzQI-t1zOsRKHU', 1.09, 6, 'pleurepa', 3, 'IV'),
(637, 'QioALBCnNjGmme2sq9N2n_Po1anRBn_7bXhOwBcsGbSNQ9w', 'mHfFZk2_6sX-sOrsnO0NLYZcL-pm2Fv5NRy20GHTTpi-gDY', 2.68, 5, 'Jake Lucifer', 2, 'II'),
(638, '_uJl6WToZbVk57n8A4JeHPHOLVtlTiT1iGpH7Fj7GNCK6Xc', '_k0DrP1pYmzX7CG1h0xTB1vQuyfNVGAejuy_HCpaQavrlQE', 4.45, 5, 'Method BETISLIFE', 3, 'IV'),
(639, 'cggclWkkbRT42v0jwoTB0gx0L9-g4Yhidgh9Rz7ozeBmCQ', 'HPx-VEwE7KmIfAahxLPEXfItm999gkzaFIL_Lu3DZ8Q9Pes', 3.46, 6, 'Maxvadhansen', 3, 'III'),
(640, 'hO3MOIZJ7ZBacLRFBS6DiAiFyjevpn2XK3Gt5OG4fJJe1FA', 'plSuKmsNINlga6s9ziGlfnngsbFP7Kz5eBTKmzjmCeqpJQE', 6.7, 6, 'Neobaf', 3, 'III'),
(641, 'whLiM9qnxVGFj408mMWU7hZVPJTaRR3o7yF4m1ZIjwMHAk8', 'QWvIOg5cyqT0d7GbnasciCkojsRzF2yszjS7o81tzZ7U8XQ', 1.9, 6, 'Master Skiran', 3, 'III'),
(642, 'MxW3bIgIExb1zt0Jidi1KSp3-KQlC6uHCLh3BhfV_kC2cKA', 'MgPawTKa7cgqZUMRBLI8Cy0gcLJ5J8pLbO7G7xoIV3skyHo', 2.97, 5, 'TIaNoO8', 2, 'II'),
(643, 'VWS3dtMD3nUQQztqpHlUN9hKW5FQRwhNxnnebWvlgfMgklc', 'q4SnRNfucWqL-nppAtYt4o4NBcDoUimCVj08mKsNVnMmAJc', 3.2, 6, 'myfreelife0', 3, 'III'),
(644, 'p2oq5cTw0IoNSKA_Lp6GfktXtnw2XKp9U2kJ6Dan9cwCdzKDHIVNfvvR', 'Y1qPAhWeGtfTEoyKz4GnVmiCoXWWlF6gOrHe0Pe5NWKk1sx-', 3.21, 7, 'N3O300', 2, 'I'),
(645, 'BJ25Fd31HVH-su-uryRcANZ_ZoZuVcl1yidi2-2OKwiVZiNSrl-SW5M2', 'l9j-vbK6nIKjXSyj7-y0jmTXNruBPmSjzFX8MusATJGubCjf', 2.16, 6, 'Thekotorsi', 3, 'II'),
(646, 'AL62UViXEpF4rdirMpg-Yc1dZJ11m7Zdf0nkQWYB3NbPjTQ', 'ALZ3JRzNvGt2GpSy_OyrPZTYuNvGmsR22jWNaDQfuQk0msU', 2.05, 6, 'Bekeur 974', 2, 'I'),
(647, 'chA_9xEKcM7QS2_IviCjrxUhIBOpeevSGcKPzkBDyM4e4f0', '87UP-XuqSbPgr6l2yKM1mEW-0Zq8kEcexujd0sVnzZy0STI', 1.64, 6, 'Pierroxi07', 3, 'III'),
(648, 'veZwFyDtTuwM9KSW1wXRCySNv9JAIMGZ0utZkyQfiv8mPl_q-idwHkCg', 'YG7nYoWcibjcYOOOymwzEvgSDZgm-RFIcu4LAsfyvunyYxCS', 2.17, 6, 'xImInscope', 3, 'III'),
(649, 'M9rNCIPdB7UU54uG_fXEeneAJA8aODu6jKpCXO8RdcYrba0', 'Dl61bkIEaKqFf0uKb1ZH3NHs_9vNrxOJvzOr2M8QCte82Nw', 2.39, 6, 'Mouktarlk', 3, 'IV'),
(650, 'izjz1IG590KYVLT1Z4Gu_oIF7haTsotpQG0ZDGerKRSm1Q', 'HURg0w_wpnkJhWALmbKhXJynD0OAeKVlp0KZ25sbnzpEOQQ', 3.24, 6, 'Akatsuki Members', 3, 'I'),
(651, 'LvMC7u_1Oy0XnUk1iHnBiXfCJCFkX--9dJKA5oTR5iV7UWM', 'GaKqGECZy9_m3-YO9ANJJD_hd-ZFwDC5pu_KpTNVyi4abg4', 4.66, 6, 'LionOfGiudah', 3, 'I'),
(652, 'es0bimpjeJ7Nk9TAkOl3GHS2gZuFmL1BzJygCsvntAXdJQ', 'P1ZprcH4HOWmrfmMR_jMNR9oUgzBsNPmMTmg7gGDIoFKfto', 2.59, 6, 'judg3ment', 2, 'II'),
(653, '9NPDW0yu5WUMf0T9UIp-pCqlI0r0uDtiWpKzFvQajTC4bzg', '3csNs935-tLbvXZt5indismX-jWZLA1HItVKe3J72H7kvOo', 2.42, 6, 'Le Roi Dada', 3, 'III'),
(654, 'cbq518FSZaoMeWY8ZUOY0t6VbBDuZlR66Vlp_MA5ev8kHLc', 's0A1QQZaIy2TCPAu7cagvl938vORdTKl4b4bsVzb1b-8Rho', 4.17, 6, 'xLoser', 3, 'III'),
(655, 'X1-hdF8li_pATH84ZUy8abRVTREjyGvfnRKA42evgodFYA', '8l7HqK3hxIJ0xJZs_2IuWcTZuhVsxUBoMETZenOd7oRfoB8', 2.19, 6, 'GreenArrow97', 2, 'II'),
(656, 'ccf6iKQ_yz4Kr513db0jrXsrroCseaZ2aADM0b7N0OiMcFiQ_PptXNBW', 'TkUfGzZe_kMy-dShfO54KQF_2ZKQY3y2y9sy0G4h2Ua1REpX', 1.85, 6, 'Papishulo99', 3, 'IV'),
(657, 'QgA9lJSpYL8JVxxLpX7-edROnKUsWTvXtXaX7iEwfqJwaSc', 'ItcZs7qAwt6uXkkLWzNuGcQpPsGyQIGd_pWeXtN4xajoJzQ', 1.68, 6, 'alejandrocague', 3, 'IV'),
(658, 'DuE60t2ynRaOaG5LUwk80gAMiX90ESTzk39wsjF5h0GIHos', '9C1XHHLpkLqj2lxnrdJxsfMtEAAZHXfjD9FOlxG6D6iGJjk', 1.43, 6, 'Lûnnia', 3, 'IV'),
(659, 'PAk81QWsKD-6T3uYLn1K0fVJf6HvMmG5HK9tG1NXTsd-beY', 'jqtZp8FrELd5CgKWCUJogqCPQ64HNxZSmsdAsmA7CMEhJQw', 3.63, 6, 'Noi de sucre', 3, 'II'),
(660, 'zlXUW3PhKgbP83y9NlkriJqcpb80eHUqEZ24WAWDYOe1cLI', 'sO_PUOpEUXAYwr3IyytSk65PErEe4pEZnTNQKbjfZvL5dac', 2.43, 6, 'skalanchoe', 2, 'I'),
(661, 'B4AWhw83dLj8sqiVu1tpZzNbj3qsFno5mtP-9BXkH3-mHUM', 'maPmzOgGmzlTt8gd0Im2hZBdH7YEgI3rkYaUVGdjem1eLuA', 4.57, 6, 'xXZachariahXx', 2, 'II'),
(662, 'GoG0iCM9KPW90EjhK94P7cVfA4rQb2YEx8seJtMjqbwsw4k', 'h4V_iCJY5iBODCyCVis66oEMWXo8r2UwVTcpp_tGS6lk2OY', 0.81, 6, 'Nehekhara Sands', 2, 'I'),
(663, 'at138nydtGAzVza7mr8AjqlwayNgnlXD782uZXYGE_XPvcoVUxVa5xpx', 'MD-Olg6YyLdZMkxYw3CdzU7_vPW8gRacmVRhPMRw41C8ssVY', 1.42, 6, 'blackloozer', 3, 'IV'),
(664, 'dpRy30SDM9DmvZE5f2iF08pD7scTMZXBME_iKco2wWGsnZkKQ5Z8xDeh', 'gqb05giFYSTTczoKeDHEFGHqIdv_g4Edih3x02DsIK6vMQEZ', 3.54, 6, 'HitoCR', 3, 'IV'),
(665, '_k1wSP_31XSpZZE-1tMEeApYlhC7bFjIucbGi43WABpgeJmLc6zFdQV-', '_oyJLvM4VjLCPGK27Ykg1MbeY0XTUUutF7e44e_5hb_0iDq3', 2.11, 6, 'ikeŁP', 3, 'III'),
(666, 'KRQ_vjhvQXVkiyl-QOP5FaRjgiDQ5cUW_zyj7sS54bhpGbU', 'Fbbctmmxao5ezlxtwgfKXpocIGAIbmBXH9w1TfdNQi-P23Y', 4.39, 5, 'Thanarandril', 3, 'IV'),
(667, 'XYajuI3zyGs59dr1GT-IsEG4ThCXpOowqNnPaQvqlA', 'OIZ9FNg1_KwMF0jW5M-rcm9wuLe1LH5Y-rElOILayhg', 1.78, 6, 'txuskoman', 2, 'I'),
(668, '9y8gqzoanacUXJu6N3lmJXFmMcq--3GCvkW_g5i7pO-Wtbs', 'B-OjreN5ys5GZa6Im6lSVIhpg1TFWeWy5MYr20J8qE27Cjc', 1.28, 6, ' Eρic', 3, 'III'),
(669, 'Rl-HVXf3K0PhVaXv8H_CiV44z7EVhH1zxVxgcuU4ZbB8ktU', 'fQbfB-eKo2I1zbsCeUusgv_iGqJHfDErQ27M_y1mbGQicJe0', 1.51, 6, 'TricksterA', 3, 'IV'),
(670, 'OQt4klI5DUgScURWXzvu5TNnGBd3jMOkf1eMK24QtXOibdc', '4kbUJyuusfT6jxZQgeN52sh4VOb19TZMAb241MfCBbrDmpQ', 3.02, 6, 'HarDavzK', 3, 'II'),
(671, 'h36W_186EGSv7PKcCjofXJY2VuwjEmkbMPzdAd7bpn8SrR8', 'p-QUX2f9zwcx-66kuynEmdMR2ShtSEtcDd3kuO0mGSk7zb8', 3.6, 5, 'TheOmegaxtor', 3, 'III'),
(672, 'OrSq09T_LZTE0UKgPYPPZPYnbOwWZ37D2jbmxX0Im76VGsA', '0Sc-uEU1S283xixcw5MnWh86KR6PFaTJnqa4n4LD0TUJg04', 2.69, 6, 'WillCaveman296', 3, 'I'),
(673, 'B3eDF4oxszjldTxppjh_5a-l2KPKuSyLy0_bJRQ-IV53BQDgYcKM4JkW', 'vTy0_S46ZiGvOb3rOgG6UjmFlOQMfz5IdcBlXnAS6QeEljzy', 1.04, 5, 'Drexler Nash', 3, 'IV'),
(674, 'YjrxwkdZewLU7Mu3dfJG-utpPZp-zzsrR_dYB9IxkWkYHw', '0Jf1mCugWVfUxHB_Hj4LhCaakXZa3RT2wJ6-ozWIuNC3GPA', 1.93, 6, 'Lokturg', 3, 'IV'),
(675, 'JUGD4S5GQflpv9lZHYTAm44jk1q17NzfGcKKjJPV4oMq0Q', 'jF1IgHU16QJGtSFQ51YXLcYqVeZ_p-_1s5z8qwYCa0VcKBc', 3.68, 6, 'Destroy66', 3, 'IV'),
(676, 'tvK5tSXC3SHa-4c5ZcvBZqi2lp4yNIlbwfcV4f-AFtikcg', '3a5qnTY1Ii5FoICKOZ9_uqadSMI21H4bqCVd9HZ-W9JPvaI', 3.6, 6, 'Rafaxer', 3, 'III'),
(677, 'RQgQyH61OWXtPks3T0gQa7621QcbySUNNmeQr8RE2GJgBSLTeLSNN7Z-', 'ot4N31ejiGKtN3iW8aKc84i_lnu4r4OkZ7mQhBUjtbHy-ij0', 1.37, 6, 'Darke020', 3, 'II'),
(678, '0umLGjNEkz2zUM7nhsFMGKChO5z11Xhxb1U4OBC_2r_IJtw', 'f2iJOOXkb9YgAsNtYs01_CX0o3zopVcTNjFXXEYFSs6UpKw', 2.47, 6, 'frowckey06', 3, 'III'),
(679, 'uCuFahkxM8VNP6sQah-VD1n_GiDBhqDb0xRheUdYiiZuoXM', 'iSpKwi_tInvjo-PgjTC3ZvIK1_5rI9CScwTOSzvXu-q-C4U', 3.84, 6, 'BLOODY ZELDA', 3, 'II'),
(680, 'YFxvAE4pZBe--jbuvlinkS8_ep_Z-dXhnYSNb0KC7OqSdPU', '-t96QHG_ai46pWGGiXRZzJLjIkKg8C2c8RIBfr2BK9Qjq9Q5', 2.64, 6, 'you are dead21', 3, 'III'),
(681, '55f3jtGUHZxfUxxibuu2MZ110x6AGt0K2zfyPUhOQwghcx8', 'vbaQ7l11QlxEG7Ht1Gqa1r9pG9fOl5VSTbUdDsxe4B65ayM', 3.88, 6, 'Aimerr1', 2, 'III'),
(682, 'i0KnoKHKEh0Ga5F9uROvgPHQIhu_rA8Rris--fY98S3KCgI', 'o21f7AHWp0RP1KwlLNOZxbME6rUMh9StF3dm1NegO3tzS_s', 3.76, 6, 'gaoxiaofeng', 2, 'I'),
(683, 'bNrjpZ0Fp9mcXhVnOCq321d5XBHRmQXhSWMyBQrZjaclx4E', 'lAIlwQ4UXFAJWclcANtx7wuye6_yigXfb3ha2DFH3DYbjvw', 9.24, 6, 'SamuelR555', 3, 'III'),
(684, '5AJCT81jqFjPYc-bIfv8WREZs3x-DkAnfAQsu3zQQ-zRYAk', '-U3FTOhn-VCGS6HQ3tOAPhnipZAva1bnOAY1fV5FRZqP6Nk', 2.06, 6, 'BTK mohanad', 3, 'III'),
(685, 'jtKduJSkKHOtiWjOYVP0JWrx5oOhc7ATpx6FbF5viEoKmOQ', 'acXsewqdOu1kyHmXu0zapAEliZfw8oqdT1uOVeTCFP3zRgw', 4.9, 6, 'JhonatanPV', 3, 'III'),
(686, 'n6eUZvofyNLrvn4K0NxrhYAtywTbxr3H3LDTPBnjioPPFy_nKLKUZjoL', 'nVJdygliiDmbj9S5gGg89bCYr1pRNX4C80sDLibcngqbPiCo', 1.12, 6, 'ASKer249', 3, 'IV'),
(687, 'k2WsQ6GzEmlZzDcLB7Gycih41lfX7e5wBHPqIIsfVJQt3Yg', 'QdKiUzFeZ8v8juaN_BDthzR9eCyxflSyOL9WlqM7GuaQ170', 1.78, 6, 'Irishrookie95', 3, 'IV'),
(688, 'HRG8CGb1CbmPb_UtPzSzXTcuHT-tTpkQi3RCrIHDQg8u5A', 'G2j7Yik4b68ctp4LWTv4CezgJHfg4cR9fXO7OyF8naAMqVU', 3.35, 6, 'Tzadokiel zero', 3, 'II'),
(689, 'V7TQv_X7gaF2IdPU4l036kRBe2hLMJ1E2Nv54LD2r9lB1pg', 'Lw4kr4UAG0J-szfBKkpU_BWM07RtbsVI8Yil1arTe7uJEHg', 3.02, 6, 'Darky1202', 3, 'III'),
(690, 'KVWceZRwrCrUKX48iPb61W5rfUBeB0lcA7KXFHm-1aEQx9Uo2JrO4uG2', 'i9ozcQxrT0bsjQEU5A6AqDnA1iS1V5HxwgUGcij0Y9xYjxmB', 9.1, 5, 'Vanderming', 2, 'I'),
(691, 'dOeSvnejhCNzit0_-8yKxAph9rZVWoUtpP5iThRe9a2GaWldzk9bB05o', 'Z7ASBIQecbHCFXmsilH-ra6pXxF42DH5yVYvUEKOBQF24omy', 2.12, 5, 'DrkVoyager', 3, 'III'),
(692, 'XhYWZ8V3ZST4vavJ5GNhsCeXyf2oDRYG3IYTVP819L2MWNGrrA2hQKYs', 'X7bJL0MAyWYa7PPJN5NTesE15gi6FIyhK03IA4GODi7kbC5T', 3.27, 6, 'sanider003', 3, 'IV'),
(693, 'TdO3i37dRVZ7VJMyYXfa2GXdGArAoEbWcBL0dY-nd03Kl_XzVCOi4G6_', 'vaLoqjQvTCDFY6L1obTsZu5r-7eqgdVOupjag7CCP_KVteki', 2.04, 7, 'LORMETAZEPAM', 2, 'IV'),
(694, 'JZxPRgeUK9LGfgQzQaduTnB210RPbvvZZaNGzxQCo95mb_Y', '8j5_5OPuyYqXrvNAWjhV1TsoSkx_ahJ6PT390edbj8ZcPS9Y', 3.95, 8, 'Poseidon1154', 3, 'III'),
(695, 'k0_TccXtD_RL99ADmVFlP_Y0PR1bumJIrYQPe9GwOGbNlJc', 'rBg7q59BiPBfYwofe-d-uZIjemNDaNYlyce75MDl_9Imsq0', 2.95, 6, 'Silix7', 4, 'IV'),
(696, 'acSoYeAhLJEsNku2fdsG8lYIOwynxQUR4x47SiQRPaH1apc', '8k8rGbC2OVsKKc3sHcGQ3IbyRM3WWTRraRgebSxSiwJnpJ5n', 2.48, 6, 'Pycom', 3, 'III'),
(697, '2u9GV3Fp0k3ZY4ILxkc8YfPBbUgMAyJnnLle8tL2FeXnFRc', 'iiv_m2vZon2wXAYrPNtMAVKB52Srl0sQb9yTrw5IXKNPrbuF', 2.12, 6, 'AshtonCorvus', 3, 'III'),
(698, 'IkdQKrmQkk-DWgZ_u3BTx05DXEOsfboOT9aSrpbNC86qf-g', 'l0CuXQc__DIxyiqt_2M3BTWCuIg27gqZfFq0hgEn7dHtp8nC', 12.21, 6, 'esoma999', 2, 'II'),
(699, '_qNxwxJUm-xurzNOtSzF2Jd28fWP6dLKhd2Zd5V821g', 'aYfx-3bTgRcJvmntCHKC8VGNMgkKhZhZYBev-F1GqcN9', 4.18, 6, 'Driga0', 5, 'IV'),
(700, 'xfGVMmMkTfDnN38dTWXbfOX9wIzBIU8TdOsgefgJr5U6H6E', 'Og24ZmWGJh4b1t--P2LHqwfDgFy6RANudSzjTO2uK0Cgh8w', 3.52, 6, 'tasksi12', 3, 'IV'),
(701, 'PAa-mkxI4m81wJGvGA4-MKSDEubKbIiY9T_GnFSFaOWSaCI', 'eG2MsJAWH8hPTj6Dyqab2La4U0xntKJNPlIPp4XqVYhVAyg', 2.63, 6, 'Renskjutarn', 3, 'II'),
(702, '6EyIj4dkR7-LiHF1qyHuKKGcvFpOFL52MQenztrGjDKnlYI', 'ermXWe825M_ii68Hy5CRdnD1zWnTyMDz1Bsdpb2-V3Mkics', 1.89, 5, 'LordPeterLustig', 3, 'III'),
(703, 'ksiLDK8-E-wA9OPVmnn1WfuX1CHweOcxPw9r5d2lETGsskM', '-xb4fr3di0iXNzYkphVsR5M0TSSwxx4Hk90-btcziODsEaM', 3.65, 6, 'Maikelovskyzc28', 3, 'II'),
(704, '3KcuVBKXLjXfIme1iHi2xfqsiJyR2K-VXgP53ok5pUnB14Q', '-puAJ2Q2I70WKooOkfGvqXPZxO8HT3LJBAVWPRiZ0p9ss0g1', 5.37, 6, 'DeadAnGeL7062', 2, 'III'),
(705, '-wHjv8NzJ0C-9nFkioFmGgKehsc42Cecr96E1yZrPJ_--iU', 'du2_FYwQIayUEC2ZvY1g306JkVHBwXulQCmM9hBWwiYsUjo', 3.35, 6, 'Vasluianul', 3, 'III'),
(706, 'ZRPUvsL7BSHOe3VmVtpdv7VvRTFfBGenyyLiUJDrQZryeYU', 'vwP-crhEnoqa_GLSOQWHVLDMfirkZAKrQL8-d_flKVHxBCUf', 3.42, 6, 'EmseeBoss', 3, 'II'),
(707, 'mb4ptknPdoBlUHYfIkCLmChyXrh_zvQ3I6_4CIUHcIeQs9g', 'Ccmhnes3pRkBN-r75FobpsXarShL8A-IP01aYt3Z2VgjjXc', 1.69, 6, '5hups', 3, 'II'),
(708, '2JlKljA84z9WN5kz_QTbB2rjzwtmAU7LBFil92-Yym-cu70', 'HF4_OEHEAyZ6H2_TKqEgXp9JpaxIanSl9dOJqfBWyBtH26po', 2.86, 6, 'karakopi', 2, 'I'),
(709, 'pA-Rt-O3Hw_CgXtxWiUaZBV0qCVFQH3wukbFhsbTm2VRIrk', 'TkLBNDiC9fymbuFgHZlDh0lp_dUI_lcD-MMdQjZIgnLALsU', 1.48, 6, 'george0910', 3, 'IV'),
(710, 'mlPNbt7FaJbO3CzfkjFRP2b4pkYlGFvdFWpoTStsUeIpHD-ZhUYNKxFo', 'TFY6ey9lriqEIPviFUg0x3TV5Vf-0yAKcqFMJkAFi9M7apFf', 2.13, 6, 'Clanzy50', 3, 'II'),
(711, 'XplRrOdR2F7He_7_kzVFkY5SPRN2ErCqkwEm8r260ZooJlGjsVAlz_lw', 'vFzbADqOiZk8X1ZXvbEbt6eg_VaPiezT4OI7K9b3Z-jh_5Q-', 4.82, 6, 'Testamigpågud98', 3, 'III'),
(712, 'diYjTKveqT5oOXOYtwaJkyOJ3L1SkCZCDqFa7SCfsuRO8Ng', 'VSBAq8asPzUuIlk9R9x2uJaKY57MyGCV5NjpgwiDRQ0_6SI', 3.37, 6, 'dansimula', 3, 'IV'),
(713, 'zEs2-1BzYbzFqdXl9Iae7sf0ZVhSRiSpbqk-RBWqkfPyTTM', '7NoXLs4_DnwpuCKwY7gvYanP94BCzHTqUgj_c_uM3mOLHphW', 3.78, 6, 'sparkmanth1', 4, 'IV'),
(714, 'TgC7lDX5e9ItRClaTX-fU5HipFDRL9gDfQY_TC17NxZfMMv1JF12ptdi', '8tGLjlxFS4fScf6OydQqVvaM0NneeYcWOUDa0UsRipUwKS-0', 3.12, 5, 'Evølved lonteh', 3, 'IV'),
(715, 'TtrL-BWn-YGFwz8Y70Ab1GOrh3HhDlOenmgkzpYHLv0F0Q', 'H06a_qvH8au2-uZOjb6fmZ9bYGg2VMJpOVceoG0oKIxm2bA', 2.17, 6, 'EdEquinox', 3, 'IV'),
(716, 'JxAJfJzFi9BRR_n2N8dLYqTronIFEP4hLW2FTkSfUyYWITk', 'N-ZfmAqJEpY0ljf73LRugewuyE0R8FEKjb7MaCYwxyQl0-s', 2.01, 6, 'ThaHollowMan', 3, 'III');
INSERT INTO `player` (`idPlayer`, `accountId`, `summonerId`, `KDA`, `numMatches`, `name`, `leagueId`, `leagueRank`) VALUES
(717, 'p0DlIURzO0ppqA2hviHi8n4zoXynOtkbzjYYvHPSEMphNSQ', 'YjZbYb8aznnbyTlvLicLJFWpZdVhTCWkSQsTbyeapNntuBi0', 2.32, 6, 'silentkiller0012', 3, 'I'),
(718, 'U9uml10qjrsJLM1gzifIBSFEQu5ePJ3KRpMJ7roAYNygCiA', 'EBd2ZvQXZmnDx4WxmihXfEOEqcPMq9aqJOTgIliB1SX1huVj', 1.81, 6, 'Vaticness', 3, 'II'),
(719, 'kM84zF2VwVGK6CNcnHTjttFpUYf9KpjOuCu7vm3LXvUPbgQ', 'MIQshNg2SKw2pT8H4aYBOJr5coRrxf30xbG34ZQeTNPAwCw', 1.42, 6, 'Zankara', 2, 'I'),
(720, 'NX97v3744Pca_ljdsb1Gptct5Tlh76l90IeCASNyJxPe4Fs', 'MObjOXjm4sgHANc6R11uCUsZKoT7XaFCWv1etFtNwg9LvEo', 2.6, 6, 'Ampule1', 2, 'I'),
(721, '-rvxZx5xD5nLVH0O4jQ4si9GvQrIk6lrm-QpSshhdLqaSZlZ85UtF6FG', 'vnKo0Xx8tv6A0KXJfwzEyiMPYLi0k2JFB7mKCbeb5-7s2HRV', 4.22, 6, 'igamlac', 2, 'II'),
(722, 'hHIlVw0p-FTGbq_cDXvoZBjXLF0lkbj0zL3-hHEem0dmdg', 'b5kS6zigzYRaGD7hoVjPA0g40VgitfK7d7F2h1K8BsKUTTo', 1.72, 6, 'gardelisnik', 3, 'IV'),
(723, 'nR5dSXFYtHr1Uku0dpWIdX0_mDE0JKjdVa73nBL_uFAnb28', 'oypsaV-vHFJAmahipst8WlDXl8R7ugkwzBIkIOqsxiEMKWyo', 3.86, 6, 'GruenesEinhornx3', 2, 'I'),
(724, '1TeA-3UhbZpD6Ps-gQc_m5xaWVTfURxmtjBorN8JRPibYZU', 'S9AfLLWCY_EDgm98aBtHY0AOrlZVn8jQKoyld-PJZm74glY', 1.67, 6, 'YoussefMuhammed', 2, 'II'),
(725, 'aWxJWEC4tFyFnS4IKW9KyxqjRyDTv3s3_G4i08JIhPCKZg', 'splx1VeVtd6Oqp9kiW8hJ5eHHGt9InROcXR6yjOCiEjCEAc', 1.94, 6, 'tonytocatch77', 2, 'II'),
(726, 'McazvwqCPWjQAtqD-hBC3XHdLVv7N9W2HjPQ7OR2TQepDTk', 'nRmgWHta1blIbPhbnKTRF4VivucSMgXESqP-QmtviJlAfUB_', 1.45, 6, 'TortenschaufeI', 3, 'III'),
(727, 'ig9uSLSrDVIj4GX9kT2q5iHZdbGJDJwrSyBqdwLjzZd0gbo', 'NKrQL4y8K1M9lAkcetDYL8WqQlzXOKMU3BNaNSjjiwZmjZsK', 1.05, 5, 'milchnitten', 3, 'IV'),
(728, 'wILIeU9gLmA8f8Ud_MXA6nEztibgYndCKjalTTI3ttsn-YY', 'HCJ6QMFcCB7Hcay_bZnnuv6kQiN0J4CeMAI5Bi9bL62g1OQ', 2.08, 6, 'DarkHunter200', 2, 'I'),
(729, 'vAeEHJ-3-a2zgJj9cey8ZkxCiDmi4v0-HMK7sTYEa_6e_pU', 'o68htsevEhKLvm2IqAYF5JsRVy51xlagc_Q7ib5iJB31XtU', 5.85, 6, 'DontWorryImPro88', 3, 'III'),
(730, 'S3x0VqmydorOM1XzHk1Y3tBxNBEr82ySxkw6n9Rojw-7xq8', 'LBGW-sLCK4DbZLuqI6gm0ILERZonDHWAkU8qPM6Y26E99EE', 5.36, 6, '8xxTHUNDERxx8', 2, 'I'),
(731, 'xHZfIBl_YkhN37Z8C7SVXX2KasYt3qB87Q2txKpwpRAL_k-B3lgVgHjt', 'U3VAgWVOL6yhgcWas6OO1jix4BhHXt04iv4eyAvUrs2gx8ht', 1.83, 6, 'Bincur', 2, 'II'),
(732, 'y5CwNc7MK5oHXLTJFwWQGreLtcZGMfZXmWPfxsnIR7B5BG__L3Sdpvmb', 'asKF9u6FEMmqV9GG0DHyMm96xcVHK93QsQuUiVtAG3ua4HA3', 5.59, 6, 'YaoJteKeffouet', 3, 'II'),
(733, 'bIhwQlIzC0PcjCM4kS1_WcTNDTnZOn1ECPOjZuRBVwURFw', 'M_kAFfbTm5a4afDkqCf0xqLXNAqY5exBRKzuQ_a_EKbC2q4', 4.07, 6, 'korri1091', 3, 'IV'),
(734, 'Ov-jJ4A_GTfp_lsAWzSp598dojc353Lq9Bbq7COPLDhEfug', 'yh_PQXLrlv0PlSaDSLLW9vWeDWpr66Vbg89fKRu8KPq12RQ', 2.06, 6, 'Wof123', 3, 'III'),
(735, '7x0HIyDqX-nOEZ37oC86DCdtyN4td84v7e2XS6OexvzqrVQ', 'ppG9ah6cu9EFR7-FzOo0RgaGiYQwX2TQGnVGjOrL8u056eQ', 2.52, 7, 'cI3K1nc', 2, 'IV'),
(736, '8WAQF-ha40aqZz6htQ8jRcCYy_lljbbSo3mnVfbtla4aJDE', 'NsS7GLaexBTTY6HR4jiOllyRfyM50NVnyjoAyvUhe81ySnw2', 3.01, 6, 'do cocaine', 6, 'III'),
(737, '7SLrqukSsg2yqMj5cYsNcbXRV7FqGphkPkV8cGo7TvXCL90', 'mJtLJQdws-R1xTQDRxbWJadAcdIz_B1HchPOwPWKhkmxn54', 3.1, 6, 'Diablo DD', 4, 'IV'),
(738, 'IL-zaJ5dIDIysMecpZX9xfgONn99q1dOtsgoDp0kCAKg92w', 'xcKxibgxXGWOdTBNpZvD0JVSL3Lk5mUb0DJrwq_pmpPcxbk', 1.36, 6, 'LL Ekko', 4, 'I'),
(739, '7esk0h5FdgZ-HQHpH_tlwXhDuscsKszv6h1ATV6Ae1al1vE', 'RuFkPNFlj-ucnqRH_nyWmQcLEqU-qESqr0kRMyw1s61kICs', 3.45, 7, 'Quarao', 3, 'IV'),
(740, 'kFiQeWWU6ASzw2P4Vw98vc2yDz1qc4UEi3tWcrxFEhRJNwd0z-6KEKF-', 'ie-7ynN-kS9ZRrzKf5J_VGxLluK_7WVrF-4d_D4FIGdmvtje', 7.02, 5, 'AboJado', 3, 'IV'),
(741, 'R3U-nKvCa-f-DmRO0f2cpgq4X0bKzh4Gxa4v_F62M1O-Hl69Tdregp1X', '0uF_TkFgsnOrAvrQAPq37DumHm4p9TSRI0EPgzlbTUTCgz3C', 4.6, 6, 'erikapd', 4, 'IV'),
(742, 'k8MJGFBjRhKVPk95moUgHE-PzbcB3ICce7O1Z5WlRWVevH3N5T_lhB9j', 'fzElAh0SoXe5lDZBP6oMgfDkIJYOiNPj0B23MIvXgE1bZ8sb', 2.22, 6, 'xEliodsv', 3, 'III'),
(743, 'j42_IFHj_eTgwkmpzT0QHLMT8x0ZTNgOKcN2qlzzHGmsWtMzrnk_oYRA', 'ALPlAkaIhcak1gxw6TE9wdrviVOUN4qsnx-VmCOS4Lon3KHb', 4.22, 6, 'littleXbaklava', 3, 'IV'),
(744, '5sq9Ahs_86ahP8m0NwVyKfoH_PUE_k3ajoHyjS3PXRY2GE4', 'Arm4btGyZXaS4TFN6P8Gi3Krry2zCANpyFSUMekbXhoWJUU', 3.97, 6, 'RainbowTiger123', 4, 'IV'),
(745, 'Zj-15_8iitOEpmYGW85eLPvp0bdU_jSQCXiXatSOQzf0u4s', '24Vhu9v5cxdI4YEheSEwdcvHloK7G6nXth_Ks7eX5o-xACXQ', 5.26, 6, 'Kawaii Killer', 4, 'III'),
(746, 'tzOUNGuoVliiK_HtgyZ1dRS_dmaFyyqj1NsFLAbQDNvsIiA', '2KTtldhBm82DhGmW_RQsHUieqiYf23Qyhs4DHss3XwwbvKo', 4.94, 7, 'MrMinub', 2, 'II'),
(747, 'VUULlsYPOFvLHxDwzdilakO8kvMemHWSfS6IW1HgmdGU470', '5QpDHO7QC6vKreaz_52bbYS2q1Y3vls8gXBZtc4C4iKCVpTr', 5.52, 6, 'Boy7Adam', 2, 'I'),
(748, 'LntgW-58Qg3SsEq9FQPKOyfQPYTaVEGWEV3Q9sfBTKuRPok', 'g0buGmZNRuVhddCmwlLsB1nF6ZI5g6NS7JVFKbUVnuz9uZU', 2.31, 6, 'arriku', 2, 'I'),
(749, 'K-WRkC-Q9GkLMAYJTgZ1huwEJOtsrqEiLMPx3qE5GPA1Hu4', 'mQZKZsIGfkyre9pAkUvXyrfeSMKmpe481wHmWRPxnT3MT0A', 3.3, 6, 'kactuile', 3, 'III'),
(750, 'zHbSrVf6d_m1_Vp2UvmHA9dvmCyQDkV5BrNOFQ-NKzpGnw', 'C_2vBrVMmmFsPLDx2lu-j19oVkKSNUZwNd-Mx2OAa7fhNFI', 1.98, 6, 'BlackAltair', 2, 'III'),
(751, 'ccTAVS0rnMIk5aaJ9a0QzehxhqfccQlcTkWtnqqhrdadrg', 'rP9lQW81inentm_EBv8YSgaNwZiAKh6pQ6DvDm0SOE5IZOU', 7.89, 6, 'gotileur', 5, 'IV'),
(752, 'Ipis7Oei_Sf7UCgT8se1whWi69Xn9zZYjQEZsKFX8M8Jf6Q', 'n1HtHK6MuVQ1Wg16lI4F1SJkx7ZLVEODFnKjv32DPonAfSM', 3.4, 7, 'Slabzs', 3, 'II'),
(753, 'b3cAO_o8R9MHW7p7NE7dYlekSwQnsDqekDQ3BVzj_vVrsT0Lxv0H6QEt', 'ki2JV4WcL17njpsdT7PPrUTzySqvhgBAGC7o86Y9ihs5al_E', 3.99, 7, 'Satchin21', 2, 'III'),
(754, '0pnzKNi-1JrhaQexkBQM_pw1nfEiKWgaVynYMAH9fsHKqyg', 'iMcAlNUy9f2hznafinbfu9tnPgtCcVJk0Y0zT4eN3krMlkg', 3.68, 6, 'filipooo', 2, 'III'),
(755, 'BHMabNHFBjX6O1qBI2ByJ_0XcmxjjAdpbgOlM6t6yr35clk', '0vkeDaFKDxErR37DFYXVDMydc9HGhtVFgn0ItiMVpkSphqg', 3.37, 6, 'Hhakku ', 3, 'I'),
(756, 'fDyCureakP4A5VYrBRJEPFamIara1YYaW-lea5bBJ5W6Wi0', '4Ejc6mZxe4l5GUIDwjr8OLoCIm2NoL526TlDSkBlVbPQfpI', 1.87, 8, 'SkovoxBlitzer', 2, 'II'),
(757, '04l5PJO98-KpRspWS5uuCfvtx4lOgiV4pZV59v4-2qcWjys', '_ofjF7LvcYo1b6oPucLmQYB9ZzD2VBhbDTm3G17hS-437F5L', 2, 6, 'loldos0101', 3, 'IV'),
(758, 'whSwtweBxZEC6j3FSVcwyBbHfq5JMXM-VWIubAYtbac5INw', '4rVSco6qrpke4N1UB6bWoqym4Ys3AbaLmyp1HbB93q3tbWHC', 2.38, 7, 'MooN88', 2, 'I'),
(759, 'mD2EuKnKmZZElqygacS9KDffMW-8D3ZCbfDjU7oJKzw5GLo', 'Rjpqv8CIK955AZLiq7SWa58PXX2_KGwLVXrCS2GfC4lrQ3H7', 3.52, 6, 'a2da1', 3, 'II'),
(760, 'vCeN7HzHWsQ5xoegYR2agV2xGZk2cvJPVQ60b3W0VKQN_24', '9Ie3plqvju4bhQKoamuzfDT0xkLPNB7woPnsBRh0zGsKOBc', 5.27, 6, 'JustSilence0', 2, 'II'),
(761, '6Kpb_S5PHrUUaiMF3lNClYrfQORkFvGENIjvgFDA-Ag08-s', 'qvIL3xoZMMF1cCgkjU6KcHA9jv4Usg4N-wFHJmN5GC_LLnw', 2.63, 5, 'Ląilą', 3, 'I'),
(762, 'K4ORDQqMenEPfHF2MIrnCgsEiQJJccBj9t_K4YIDZCg4hg', '2UdRIGomQ811wETBAQDqEY3hG9E3DHBYkPmlh5xYKQ1OUxE', 5.26, 6, 'Blomster Finn', 10, 'I'),
(763, 'wXDL4YNH08YLYg6FmPQZAORssPlSz4UHXNKlTurarZqQrA', 'yuHYf_e6sBm9FaHXuie0sv7a49BWSbF1WJvEqf_4Tbue7Mk', 2.53, 10, 'FatShield', 9, 'I'),
(764, 'WCdFkFOryAs-aUZv0kDLhriaB-XgpsX6icLa8naN15zRg_4', 'PA9d9dJZ8iSFrtqspEG9ynBB-_dGIQtbqtJkAkqwnPzg95w', 2.63, 5, 'IRoxas', 8, 'I'),
(765, '-BXJ6nLw_X28CisO-5_jW8azuB0i6BxPi3wJKbzOsxZUvns', '2OO1f61rUyAAakh1p9GGGmcbL36U_UHucmepD4s4YWNUIVs', 6.34, 10, 'OCE Import', 7, 'III'),
(766, 'ZazsUSiXJ5Vtsmo91NCk474oBkV94dJEfKCk0HN76s9pnyU', 'Mb2hmLCuXJfEbXe0mKE2_wldb_OTJiWkS7CeU_tDLqbNta0', 3.32, 9, 'MidN9t', 6, 'IV'),
(767, '4jCbYGAPGxlYRQW57eVg5IRQQ8VN8ZUiGaSDI4O1xUnekWuIfIlwekMA', 'M9EVrdIUFP3JMVIlYHgv3y-rgvEkpkH0Pur6G8FfNvqCfNVd', 2.02, 12, 'daeaeany', 2, 'III'),
(768, 'c0VsPWu4zimd6Bi8hJVU8UwGqokoq43MbqhaP-lETVRaf8k', 'NuNitGBfga6qGG3EwKR6QGGaMop7bNLDGj1zYA3Md319XiiX', 2.93, 7, 'SrLarryCapinga', 3, 'IV'),
(769, 'Ys7kMwyw68r1SOY_r3QovyItMnIMd3Q6I1P7TQRtO3CtypmTD3uAREMh', 'l4lt6UeEB9Td72w4Khyf2n4SeG1MXCZUr7RemcAc9xfX2xYV', 3.96, 10, 'swuano', 3, 'II'),
(770, 'cUQFGAvTPAsHlHFWrG3p4TT_aof27q0lWHH8wXn8oR1aFXw', 'mLIq7rTSv_nF76v6l5S_NWVhi2SWzOzrEf7CROB_9P9kLoI', 8.1, 5, 'Spealder', 4, 'IV'),
(771, 'pgdnZI_JhHxdNaR2FpS-CRow1l6bXOK6FW5ipoBCTbj6jGa6yW7nTDA7', 'hzxQZtjhgbRqTta0U5Xik1ZIY2bJgpqSDnnH2LSrPksYq7wH', 0.9, 5, 'BurritoSabaneroª', 3, 'III');

--
-- Índices para tablas volcadas
--

--
-- Indices de la tabla `cardplayer`
--
ALTER TABLE `cardplayer`
  ADD PRIMARY KEY (`idCard`);

--
-- Indices de la tabla `equipamiento`
--
ALTER TABLE `equipamiento`
  ADD PRIMARY KEY (`idPowerUp`),
  ADD KEY `idManager` (`idManager`);

--
-- Indices de la tabla `league`
--
ALTER TABLE `league`
  ADD PRIMARY KEY (`leagueid`);

--
-- Indices de la tabla `manager`
--
ALTER TABLE `manager`
  ADD PRIMARY KEY (`idManager`);

--
-- Indices de la tabla `matchhistory`
--
ALTER TABLE `matchhistory`
  ADD PRIMARY KEY (`idGame`),
  ADD KEY `idManager1` (`idManager1`),
  ADD KEY `idManager2` (`idManager2`);

--
-- Indices de la tabla `player`
--
ALTER TABLE `player`
  ADD PRIMARY KEY (`idPlayer`),
  ADD KEY `leagueId` (`leagueId`);

--
-- AUTO_INCREMENT de las tablas volcadas
--

--
-- AUTO_INCREMENT de la tabla `cardplayer`
--
ALTER TABLE `cardplayer`
  MODIFY `idCard` int(11) NOT NULL AUTO_INCREMENT, AUTO_INCREMENT=142;
--
-- AUTO_INCREMENT de la tabla `equipamiento`
--
ALTER TABLE `equipamiento`
  MODIFY `idPowerUp` int(11) NOT NULL AUTO_INCREMENT;
--
-- AUTO_INCREMENT de la tabla `league`
--
ALTER TABLE `league`
  MODIFY `leagueid` int(11) NOT NULL AUTO_INCREMENT, AUTO_INCREMENT=11;
--
-- AUTO_INCREMENT de la tabla `manager`
--
ALTER TABLE `manager`
  MODIFY `idManager` int(11) NOT NULL AUTO_INCREMENT, AUTO_INCREMENT=9;
--
-- AUTO_INCREMENT de la tabla `matchhistory`
--
ALTER TABLE `matchhistory`
  MODIFY `idGame` int(11) NOT NULL AUTO_INCREMENT, AUTO_INCREMENT=21;
--
-- AUTO_INCREMENT de la tabla `player`
--
ALTER TABLE `player`
  MODIFY `idPlayer` mediumint(9) NOT NULL AUTO_INCREMENT, AUTO_INCREMENT=772;
--
-- Restricciones para tablas volcadas
--

--
-- Filtros para la tabla `equipamiento`
--
ALTER TABLE `equipamiento`
  ADD CONSTRAINT `equipamiento_ibfk_1` FOREIGN KEY (`idManager`) REFERENCES `manager` (`idManager`);

--
-- Filtros para la tabla `matchhistory`
--
ALTER TABLE `matchhistory`
  ADD CONSTRAINT `matchhistory_ibfk_1` FOREIGN KEY (`idManager1`) REFERENCES `manager` (`idManager`),
  ADD CONSTRAINT `matchhistory_ibfk_2` FOREIGN KEY (`idManager2`) REFERENCES `manager` (`idManager`);

--
-- Filtros para la tabla `player`
--
ALTER TABLE `player`
  ADD CONSTRAINT `player_ibfk_1` FOREIGN KEY (`leagueId`) REFERENCES `league` (`leagueid`);

/*!40101 SET CHARACTER_SET_CLIENT=@OLD_CHARACTER_SET_CLIENT */;
/*!40101 SET CHARACTER_SET_RESULTS=@OLD_CHARACTER_SET_RESULTS */;
/*!40101 SET COLLATION_CONNECTION=@OLD_COLLATION_CONNECTION */;
